Date,cbp_intake,cbp_custody,transfers,hhs_care,discharges,total_load,net_intake,rolling_7,rolling_14,growth_rate,volatility,stress_flag_load,stress_flag_volatility,stress_flag,discharge_ratio,backlog,pressure_index,bottleneck,stability_score
2023-01-12,33.0,53.0,34.0,6566,436.0,6619.0,-402.0,6619.0,6619.0,0.0,0.0,0,0,0,5.0,-402.0,23.652663934423803,HHS,76.3473360655762
2023-01-22,32.0,49.0,39.0,7122,227.0,7171.0,-188.0,6895.0,6895.0,8.339628342649942,390.32294321497426,0,1,1,5.0,-590.0,40.80771561829064,HHS,59.19228438170936
2023-01-23,32.0,50.0,39.0,7280,181.0,7330.0,-142.0,7040.0,7040.0,2.2172639799191263,373.16350303854745,0,1,1,4.641025641025641,-732.0,40.99241087646024,HHS,59.00758912353976
2023-01-24,47.0,42.0,47.0,7433,175.0,7475.0,-128.0,7148.75,7148.75,1.9781718963165051,374.3531087088766,0,1,1,3.723404255319149,-860.0,41.77890437714995,HHS,58.22109562285005
2023-01-25,20.0,22.0,41.0,7538,180.0,7560.0,-139.0,7231.0,7231.0,1.1371237458194017,372.7338192329749,0,1,1,4.390243902439025,-999.0,42.154917603461186,HHS,57.845082396538814
2023-01-29,23.0,45.0,11.0,7472,303.0,7517.0,-292.0,7278.666666666667,7278.666666666667,-0.5687830687830742,353.2379745535107,0,1,1,5.0,-1291.0,41.219016798944416,HHS,58.780983201055584
2023-01-30,34.0,54.0,29.0,7743,196.0,7797.0,-167.0,7352.714285714285,7352.714285714285,3.724890248769453,377.3092075410273,0,1,1,5.0,-1458.0,43.537001020583176,HHS,56.462998979416824
2023-01-31,26.0,36.0,36.0,7803,158.0,7839.0,-122.0,7527.0,7413.5,0.538668718737978,237.93626597613547,0,0,0,4.388888888888889,-1580.0,38.636345733356315,HHS,61.363654266643685
2023-02-01,25.0,32.0,27.0,7903,231.0,7935.0,-204.0,7636.142857142857,7471.444444444444,1.2246460007653948,222.12040921643296,0,0,0,5.0,-1784.0,38.54761262449553,HHS,61.45238737550447
2023-02-02,15.0,13.0,23.0,7879,298.0,7892.0,-275.0,7716.428571428572,7513.5,-0.5419029615627013,192.63251468608564,0,0,0,5.0,-2059.0,37.2449439228754,HHS,62.7550560771246
2023-02-05,16.0,18.0,15.0,7586,342.0,7604.0,-327.0,7734.857142857143,7521.727272727273,-3.6492650785605703,170.59643272103347,0,0,0,5.0,-2386.0,34.960678290118274,HHS,65.03932170988173
2023-02-06,11.0,22.0,12.0,7720,196.0,7742.0,-184.0,7760.857142857143,7540.083333333333,1.8148342977380327,152.4045368653506,0,0,0,5.0,-2570.0,34.9998942923318,HHS,65.0001057076682
2023-02-07,16.0,20.0,20.0,7855,200.0,7875.0,-180.0,7812.0,7565.846153846154,1.7179023508137492,111.51681487560064,0,0,0,5.0,-2750.0,34.18042319308679,HHS,65.8195768069132
2023-02-08,93.0,196.0,169.0,7915,317.0,8111.0,-148.0,7856.857142857143,7604.785714285715,2.9968253968253977,157.95930759895631,0,0,0,1.8757396449704145,-2898.0,37.09415640105533,HHS,62.90584359894467
2023-02-09,124.0,234.0,161.0,7908,353.0,8142.0,-192.0,7900.142857142857,7713.571428571428,0.3821970163974786,190.42883935250345,0,0,0,2.1925465838509317,-3090.0,38.4447935837925,HHS,61.5552064162075
2023-02-12,92.0,203.0,173.0,7434,317.0,7637.0,-144.0,7857.571428571428,7746.857142857143,-6.202407270940801,213.276703793338,0,0,0,1.832369942196532,-3234.0,36.69635648097439,HHS,63.30364351902561
2023-02-13,186.0,259.0,172.0,7483,244.0,7742.0,-72.0,7836.142857142857,7776.285714285715,1.3748854262144894,216.74826302374024,0,0,0,1.4186046511627908,-3306.0,37.36169327122907,HHS,62.63830672877093
2023-02-14,154.0,225.0,220.0,7794,223.0,8019.0,-3.0,7895.428571428572,7815.142857142857,3.577886850942913,198.6713006810102,0,0,0,1.0136363636363637,-3309.0,38.11721818362837,HHS,61.88278181637163
2023-02-15,91.0,199.0,172.0,7869,290.0,8068.0,-118.0,7942.0,7851.428571428572,0.6110487591969083,194.88458122693663,0,0,0,1.686046511627907,-3427.0,38.229247557413515,HHS,61.770752442586485
2023-02-16,81.0,213.0,153.0,7793,361.0,8006.0,-208.0,7960.714285714285,7886.357142857143,-0.7684680218145723,193.66441273993308,0,0,0,2.3594771241830066,-3635.0,37.86683713687859,HHS,62.13316286312141
2023-02-20,209.0,285.0,184.0,7817,209.0,8102.0,-25.0,7959.428571428572,7908.142857142857,1.1991006744941357,192.52693070741415,0,0,0,1.1358695652173914,-3660.0,38.316888032493935,HHS,61.683111967506065
2023-02-21,184.0,314.0,217.0,7967,213.0,8281.0,4.0,7979.285714285715,7939.714285714285,2.209331029375461,219.7405396414216,0,0,0,0.9815668202764976,-3656.0,40.6014617777659,HHS,59.3985382222341
2023-02-22,107.0,215.0,230.0,7978,232.0,8193.0,-2.0,8058.714285714285,7958.142857142857,-1.0626735901461126,170.3268566469669,0,0,0,1.008695652173913,-3658.0,37.96820127121173,HHS,62.03179872878827
2023-02-23,101.0,162.0,178.0,7914,386.0,8076.0,-208.0,8106.428571428572,7971.285714285715,-1.42804833394361,98.42231647827955,0,0,0,2.168539325842697,-3866.0,34.729490022796064,HHS,65.27050997720394
2023-02-26,99.0,190.0,176.0,7609,323.0,7799.0,-147.0,8075.0,7985.214285714285,-3.42991579990094,151.69926389625286,0,0,0,1.8352272727272727,-4013.0,35.26601475954612,HHS,64.73398524045388
2023-02-27,167.0,239.0,166.0,7800,248.0,8039.0,-82.0,8070.857142857143,8006.428571428572,3.077317604821128,152.31702528107127,0,0,0,1.4939759036144578,-4095.0,36.518198488055354,HHS,63.481801511944646
2023-02-28,115.0,216.0,169.0,7896,200.0,8112.0,-31.0,8086.0,8023.357142857143,0.9080731434258028,150.04665940965918,0,0,0,1.183431952662722,-4126.0,36.80883791290933,HHS,63.19116208709067
2023-03-01,84.0,158.0,193.0,7930,307.0,8088.0,-114.0,8084.0,8021.714285714285,-0.295857988165682,149.89107155975503,0,0,0,1.5906735751295338,-4240.0,36.6801760900521,HHS,63.3198239099479
2023-03-02,130.0,227.0,192.0,7870,335.0,8097.0,-143.0,8057.714285714285,8018.5,0.1112759643916883,123.3743818433812,0,0,0,1.7447916666666667,-4383.0,35.75296179029222,HHS,64.24703820970778
2023-03-07,88.0,214.0,160.0,7859,259.0,8073.0,-99.0,8040.571428571428,8049.642857142857,-0.2964060763245624,108.93554232182794,0,0,0,1.61875,-4482.0,35.100019338576274,HHS,64.89998066142373
2023-03-08,113.0,208.0,159.0,7885,291.0,8093.0,-132.0,8043.0,8074.714285714285,0.2477393781741499,110.04090148666712,0,0,0,1.830188679245283,-4614.0,35.24305163697712,HHS,64.75694836302287
2023-03-09,174.0,285.0,150.0,7786,340.0,8071.0,-190.0,8081.857142857143,8078.428571428572,-0.2718398616088024,23.568542391808624,0,0,0,2.2666666666666666,-4804.0,31.956294770035782,HHS,68.04370522996422
2023-03-13,104.0,230.0,206.0,7567,249.0,7797.0,-43.0,8047.285714285715,8059.071428571428,-3.3948705240986254,111.26052652177756,0,0,0,1.2087378640776698,-4847.0,33.77142571613991,HHS,66.2285742838601
2023-03-14,147.0,276.0,214.0,7810,181.0,8086.0,33.0,8043.571428571428,8064.785714285715,3.70655380274465,109.15410687471848,0,0,0,0.8457943925233645,-4814.0,38.25875247301512,HHS,61.74124752698488
2023-03-15,108.0,220.0,213.0,7915,286.0,8135.0,-73.0,8050.285714285715,8067.142857142857,0.6059856542171671,113.69361501525262,0,0,0,1.3427230046948355,-4887.0,35.59229197009962,HHS,64.40770802990038
2023-03-16,180.0,280.0,146.0,7989,308.0,8269.0,-162.0,8074.857142857143,8066.285714285715,1.647203441917644,140.8219071160726,0,0,0,2.1095890410958904,-5049.0,37.274537696768434,HHS,62.725462303231566
2023-03-19,134.0,294.0,186.0,7885,306.0,8179.0,-120.0,8090.0,8065.285714285715,-1.0884024670455903,146.18595463768577,0,0,0,1.6451612903225807,-5169.0,37.01036469847794,HHS,62.98963530152206
2023-03-20,202.0,313.0,158.0,7931,279.0,8244.0,-121.0,8111.571428571428,8077.285714285715,0.7947181807066883,157.41225825080193,0,0,0,1.7658227848101269,-5290.0,37.755428882286445,HHS,62.244571117713555
2023-03-21,110.0,272.0,193.0,8050,221.0,8322.0,-28.0,8147.428571428572,8114.642857142857,0.9461426491994108,174.31088811168297,0,0,0,1.145077720207254,-5318.0,38.77529967236838,HHS,61.22470032763162
2023-03-22,166.0,277.0,229.0,8097,246.0,8374.0,-17.0,8229.857142857143,8138.571428571428,0.6248497957221932,102.696037851875,0,0,0,1.074235807860262,-5335.0,36.413000462017834,HHS,63.586999537982166
2023-03-23,136.0,276.0,178.0,8102,331.0,8378.0,-153.0,8271.57142857143,8157.571428571428,0.0477668975400025,93.40745356206708,0,0,0,1.8595505617977528,-5488.0,36.09254575503276,HHS,63.90745424496724
2023-03-26,87.0,246.0,173.0,7847,352.0,8093.0,-179.0,8265.57142857143,8157.928571428572,-3.4017665313917367,104.35014317646984,0,0,0,2.0346820809248554,-5667.0,35.034166824601,HHS,64.965833175399
2023-03-27,84.0,171.0,157.0,7994,235.0,8165.0,-78.0,8250.714285714286,8162.785714285715,0.8896577289015273,110.97404243892156,0,0,0,1.4968152866242035,-5745.0,35.6461559411971,HHS,64.3538440588029
2023-03-28,167.0,209.0,157.0,8079,223.0,8288.0,-66.0,8266.285714285714,8178.142857142857,1.5064298836497292,106.8031121358462,0,0,0,1.4203821656050954,-5811.0,36.12318084316256,HHS,63.87681915683744
2023-03-29,109.0,245.0,159.0,8208,267.0,8453.0,-108.0,8296.142857142857,8203.857142857143,1.9908301158301225,126.86400667830628,0,0,0,1.679245283018868,-5919.0,37.70482235184931,HHS,62.29517764815069
2023-03-30,156.0,256.0,176.0,8158,359.0,8414.0,-183.0,8309.285714285714,8228.357142857143,-0.4613746598840618,134.5234976818863,0,0,0,2.039772727272727,-6102.0,37.78617632840257,HHS,62.21382367159743
2023-04-02,125.0,232.0,192.0,7981,304.0,8213.0,-112.0,8286.285714285714,8258.07142857143,-2.388875683384839,135.37566778623344,0,0,0,1.5833333333333333,-6214.0,36.78774294521617,HHS,63.21225705478383
2023-04-03,118.0,139.0,168.0,8054,284.0,8193.0,-116.0,8259.857142857143,8265.714285714286,-0.2435163764763159,132.5146892127068,0,0,0,1.6904761904761905,-6330.0,36.58026893082637,HHS,63.41973106917363
2023-04-04,142.0,235.0,139.0,8068,259.0,8303.0,-120.0,8289.857142857143,8277.714285714286,1.3426095447333086,110.3636845032821,0,0,0,1.8633093525179856,-6450.0,36.33071937331833,HHS,63.66928062668167
2023-04-05,148.0,245.0,175.0,8175,260.0,8420.0,-85.0,8326.285714285714,8288.5,1.4091292303986425,104.19487237176403,0,0,0,1.4857142857142858,-6535.0,36.70367237690053,HHS,63.29632762309947
2023-04-06,119.0,219.0,210.0,8178,284.0,8397.0,-74.0,8341.857142857143,8304.07142857143,-0.2731591448931092,105.65419785226776,0,0,0,1.3523809523809525,-6609.0,36.63941046755201,HHS,63.36058953244799
2023-04-09,105.0,210.0,149.0,7900,329.0,8110.0,-180.0,8292.857142857143,8294.5,-3.4178873407169186,123.5413946435495,0,0,0,2.208053691275168,-6789.0,35.825690518031905,HHS,64.1743094819681
2023-04-10,143.0,203.0,163.0,7826,265.0,8029.0,-102.0,8237.857142857143,8273.57142857143,-0.998766954377317,144.53653352632713,0,0,0,1.625766871165644,-6891.0,36.18137847121388,HHS,63.81862152878612
2023-04-11,119.0,209.0,152.0,7922,187.0,8131.0,-35.0,8226.142857142857,8256.214285714286,1.270394818781906,150.10266328019358,0,0,0,1.230263157894737,-6926.0,36.9082296549591,HHS,63.0917703450409
2023-04-12,155.0,212.0,181.0,7876,283.0,8088.0,-102.0,8211.142857142857,8235.5,-0.5288402410527637,158.9522240291318,0,0,0,1.5635359116022098,-7028.0,37.01277449439577,HHS,62.98722550560423
2023-04-13,109.0,214.0,173.0,7795,370.0,8009.0,-197.0,8169.142857142857,8229.5,-0.97675568743818,169.1502572383727,0,0,0,2.138728323699422,-7225.0,36.98239009602746,HHS,63.01760990397254
2023-04-16,191.0,283.0,192.0,7380,272.0,7663.0,-80.0,8061.0,8193.642857142857,-4.320139842676984,217.20113566308157,0,0,0,1.4166666666666667,-7305.0,36.97360328667008,HHS,63.02639671332992
2023-04-17,170.0,297.0,196.0,7344,248.0,7641.0,-52.0,7953.0,8147.428571428572,-0.2870938274827095,210.12456622997064,0,0,0,1.2653061224489797,-7357.0,36.60114601267218,HHS,63.39885398732782
2023-04-18,152.0,272.0,214.0,7376,234.0,7648.0,-20.0,7887.0,8089.928571428572,0.0916110456746555,224.64713070354108,0,0,0,1.0934579439252337,-7377.0,37.17007150615671,HHS,62.82992849384329
2023-04-19,239.0,367.0,224.0,7356,229.0,7723.0,-5.0,7843.285714285715,8040.571428571428,0.9806485355648542,222.16864036561435,0,0,0,1.0223214285714286,-7382.0,37.46331742191265,HHS,62.53668257808735
2023-04-20,113.0,280.0,237.0,7490,320.0,7770.0,-83.0,7791.714285714285,8008.928571428572,0.6085717985238936,182.632339492689,0,0,0,1.350210970464135,-7465.0,36.25287777718135,HHS,63.74712222281865
2023-04-23,196.0,306.0,187.0,7534,266.0,7840.0,-79.0,7756.285714285715,7983.714285714285,0.9009009009008916,132.8454167892382,0,0,0,1.4224598930481285,-7544.0,34.78400696848239,HHS,65.21599303151761
2023-04-24,236.0,330.0,222.0,7796,213.0,8126.0,9.0,7773.0,7971.071428571428,3.647959183673466,171.63721430195372,0,0,0,0.9594594594594594,-7535.0,38.48387232784989,HHS,61.51612767215011
2023-04-25,81.0,230.0,242.0,8017,202.0,8247.0,40.0,7856.428571428572,7958.714285714285,1.4890475018459304,238.26096137279032,0,0,0,0.8347107438016529,-7495.0,44.0442130517267,HHS,55.9557869482733
2023-04-26,118.0,245.0,160.0,8117,256.0,8362.0,-96.0,7959.428571428572,7956.214285714285,1.3944464653813604,281.5255211301784,0,1,1,1.6,-7591.0,42.91563496965433,HHS,57.08436503034567
2023-04-27,218.0,283.0,208.0,8159,310.0,8442.0,-102.0,8072.857142857143,7979.928571428572,0.9567089213107004,294.7781247941257,0,1,1,1.4903846153846154,-7693.0,43.81192072768436,HHS,56.18807927231564
2023-04-30,132.0,243.0,183.0,8352,293.0,8595.0,-110.0,8197.42857142857,8020.357142857143,1.8123667377398789,306.3145753104411,0,1,1,1.6010928961748634,-7803.0,45.01918882701517,HHS,54.98081117298483
2023-05-01,224.0,315.0,152.0,8492,237.0,8807.0,-85.0,8345.57142857143,8068.642857142857,2.4665503199534644,315.76091015347,0,1,1,1.5592105263157894,-7888.0,46.45199129836074,HHS,53.54800870163926
2023-05-02,167.0,326.0,213.0,8654,245.0,8980.0,-32.0,8508.42857142857,8132.357142857143,1.964346542522999,305.36036478388263,0,1,1,1.1502347417840375,-7920.0,46.956499668191086,HHS,53.043500331808914
2023-05-03,209.0,353.0,232.0,8704,267.0,9057.0,-35.0,8641.42857142857,8207.214285714286,0.8574610244988845,313.6680076890392,1,1,1,1.1508620689655171,-7955.0,47.65590698505643,HHS,52.34409301494357
2023-05-04,153.0,253.0,286.0,8790,332.0,9043.0,-46.0,8755.142857142857,8305.785714285714,-0.1545765706083668,290.2570289538806,1,1,1,1.1608391608391608,-8001.0,46.72486295522344,HHS,53.27513704477656
2023-05-07,180.0,337.0,219.0,8485,375.0,8822.0,-156.0,8820.857142857143,8390.142857142857,-2.443879243613845,232.79993454423467,0,0,0,1.7123287671232876,-8157.0,43.483672353913775,HHS,56.516327646086225
2023-05-08,133.0,287.0,189.0,8590,261.0,8877.0,-72.0,8883.0,8477.92857142857,0.6234413965087171,162.15321972337333,0,0,0,1.380952380952381,-8229.0,41.17227834785723,HHS,58.82772165214277
2023-05-09,187.0,310.0,247.0,8606,250.0,8916.0,-3.0,8928.857142857143,8563.142857142857,0.4393376140588101,100.9842043281972,0,0,0,1.0121457489878545,-8232.0,39.12680529373837,HHS,60.87319470626163
2023-05-10,168.0,285.0,210.0,8681,304.0,8966.0,-94.0,8951.57142857143,8648.57142857143,0.56078959174517,85.73769521594178,0,0,0,1.4476190476190476,-8326.0,38.82331490569633,HHS,61.17668509430367
2023-05-11,269.0,412.0,204.0,8672,392.0,9084.0,-188.0,8966.42857142857,8737.42857142857,1.3160829801472262,99.40633303571872,1,0,1,1.9215686274509804,-8514.0,39.92954373274288,HHS,60.07045626725712
2023-05-14,100.0,255.0,236.0,8445,288.0,8700.0,-52.0,8915.42857142857,8778.42857142857,-4.227212681638049,131.56982574894903,0,0,0,1.2203389830508475,-8566.0,39.14292286502304,HHS,60.85707713497696
2023-05-15,205.0,294.0,177.0,8571,277.0,8865.0,-100.0,8890.0,8822.57142857143,1.8965517241379404,119.44733846619054,0,0,0,1.5649717514124293,-8666.0,39.54324207749784,HHS,60.45675792250216
2023-05-16,161.0,304.0,211.0,8572,272.0,8876.0,-61.0,8897.714285714286,8859.285714285714,0.1240834743372776,116.01826621367884,0,0,0,1.2890995260663507,-8727.0,39.47372710812485,HHS,60.52627289187515
2023-05-17,57.0,162.0,193.0,8569,307.0,8731.0,-114.0,8876.857142857143,8879.92857142857,-1.6336187471834185,132.33849096338653,0,0,0,1.5906735751295338,-8841.0,39.329948943890905,HHS,60.670051056109095
2023-05-18,80.0,122.0,152.0,8474,351.0,8596.0,-199.0,8831.142857142857,8880.0,-1.5462146374985664,167.23280038258062,0,0,0,2.3092105263157894,-9040.0,39.91918011046386,HHS,60.08081988953614
2023-05-21,107.0,170.0,133.0,7826,343.0,7996.0,-210.0,8692.57142857143,8822.07142857143,-6.979990693345739,344.64080680365987,0,1,1,2.5789473684210527,-9250.0,43.35734284711713,HHS,56.64265715288287
2023-05-22,99.0,156.0,139.0,7848,240.0,8004.0,-101.0,8538.285714285714,8752.357142857143,0.1000500250124991,380.1204696258347,0,1,1,1.7266187050359711,-9351.0,44.70064194623331,HHS,55.29935805376669
2023-05-23,25.0,66.0,94.0,7788,246.0,7854.0,-152.0,8417.42857142857,8666.42857142857,-1.874062968515744,448.4788576000889,0,1,1,2.617021276595745,-9503.0,46.4413603643953,HHS,53.5586396356047
2023-05-24,35.0,70.0,53.0,7709,276.0,7779.0,-223.0,8262.285714285714,8576.142857142857,-0.9549274255156616,455.62876492663224,0,1,1,5.0,-9726.0,46.319583347511625,HHS,53.680416652488375
2023-05-25,43.0,73.0,64.0,7546,408.0,7619.0,-344.0,8082.714285714285,8490.214285714286,-2.056819642627583,419.7291643769471,0,1,1,5.0,-10070.0,44.18218150154549,HHS,55.81781849845451
2023-05-29,41.0,60.0,71.0,6996,207.0,7056.0,-136.0,7843.428571428572,8360.142857142857,-7.389421183882394,463.6988452084183,0,1,1,2.915492957746479,-10206.0,42.9119100417556,HHS,57.0880899582444
2023-05-30,65.0,83.0,65.0,7046,168.0,7129.0,-103.0,7633.857142857143,8232.5,1.0345804988662222,393.0018781004489,0,1,1,2.5846153846153848,-10309.0,40.69088459143448,HHS,59.30911540856552
2023-05-31,38.0,80.0,82.0,7053,210.0,7133.0,-128.0,7510.571428571428,8101.571428571428,0.0561088511712659,395.8151324136361,0,1,1,2.5609756097560976,-10437.0,40.814639627369424,HHS,59.185360372630576
2023-06-01,56.0,82.0,68.0,7002,287.0,7084.0,-219.0,7379.142857142857,7958.714285714285,-0.6869479882237517,355.3390064766548,0,1,1,4.220588235294118,-10656.0,39.07789951192869,HHS,60.92210048807131
2023-06-04,74.0,103.0,80.0,6555,292.0,6658.0,-212.0,7208.285714285715,7812.857142857143,-6.013551665725581,375.9005694266059,0,1,1,3.65,-10868.0,37.65025460648837,HHS,62.34974539351163
2023-06-05,68.0,107.0,102.0,6523,189.0,6630.0,-87.0,7044.142857142857,7653.214285714285,-0.4205467107239458,333.64323689207293,0,1,1,1.8529411764705883,-10955.0,35.95571553964644,HHS,64.04428446035357
2023-06-06,92.0,124.0,93.0,6508,187.0,6632.0,-94.0,6903.142857142857,7492.928571428572,0.0301659125188535,247.7030672475042,0,1,1,2.010752688172043,-11049.0,32.81144402317484,HHS,67.18855597682516
2023-06-07,113.0,162.0,107.0,6483,208.0,6645.0,-101.0,6844.428571428572,7343.928571428572,0.1960193003618826,254.06092257756828,0,1,1,1.94392523364486,-11150.0,33.111413640409,HHS,66.888586359591
2023-06-08,106.0,196.0,131.0,6446,255.0,6642.0,-124.0,6774.857142857143,7204.357142857143,-0.0451467268622995,228.5449835892773,0,0,0,1.9465648854961832,-11274.0,32.15945745852171,HHS,67.8405425414783
2023-06-11,86.0,152.0,168.0,6007,238.0,6159.0,-70.0,6635.714285714285,7073.142857142857,-7.271906052393861,267.35913068739563,0,1,1,1.4166666666666667,-11344.0,31.109783189995877,HHS,68.89021681000412
2023-06-12,84.0,118.0,136.0,6021,177.0,6139.0,-41.0,6500.714285714285,6939.928571428572,-0.3247280402662755,240.5117559744667,0,1,1,1.3014705882352942,-11385.0,30.021865202404825,HHS,69.97813479759517
2023-06-13,59.0,64.0,117.0,6061,146.0,6125.0,-29.0,6424.571428571428,6816.428571428572,-0.2280501710376303,265.49127866586605,0,1,1,1.247863247863248,-11414.0,30.86704153904917,HHS,69.13295846095083
2023-06-14,62.0,97.0,52.0,6065,167.0,6162.0,-115.0,6357.714285714285,6700.928571428572,0.604081632653064,264.06041877177074,0,1,1,3.2115384615384617,-11529.0,31.004069616876663,HHS,68.99593038312334
2023-06-15,91.0,75.0,97.0,6038,272.0,6113.0,-175.0,6283.571428571428,6593.357142857143,-0.7951963648166194,246.4885779253024,0,1,1,2.804123711340206,-11704.0,30.108053537311378,HHS,69.89194646268862
2023-06-19,29.0,51.0,11.0,5679,142.0,5730.0,-131.0,6152.857142857143,6498.642857142857,-6.265336168820546,264.8102645112084,0,1,1,5.0,-11835.0,28.818478679123498,HHS,71.1815213208765
2023-06-20,33.0,53.0,34.0,5904,134.0,5957.0,-100.0,6055.0,6414.928571428572,3.961605584642225,159.5900999436394,0,0,0,3.941176470588235,-11935.0,26.11918015281724,HHS,73.88081984718276
2023-06-21,93.0,196.0,169.0,5922,149.0,6118.0,20.0,6049.142857142857,6342.428571428572,2.7027027027026973,155.84546680551986,0,0,0,0.8816568047337278,-11915.0,29.173388742845212,HHS,70.82661125715478
2023-06-22,124.0,234.0,161.0,5956,207.0,6190.0,-46.0,6056.428571428572,6278.571428571428,1.1768551814318462,161.82383131347862,0,0,0,1.2857142857142858,-11961.0,27.39481897381194,HHS,72.60518102618806
2023-06-25,92.0,203.0,173.0,5766,263.0,5969.0,-90.0,6034.142857142857,6229.357142857143,-3.5702746365104954,161.54816471823668,0,0,0,1.5202312138728324,-12051.0,26.25252823247467,HHS,73.74747176752533
2023-06-26,186.0,259.0,172.0,5819,174.0,6078.0,-2.0,6022.142857142857,6189.928571428572,1.8261015245434775,153.38125545134469,0,0,0,1.0116279069767442,-12053.0,26.511155532984176,HHS,73.48884446701582
2023-06-27,154.0,225.0,220.0,5917,155.0,6142.0,65.0,6026.285714285715,6154.928571428572,1.0529779532741037,156.60216504013974,0,0,0,0.7045454545454546,-11988.0,32.86634191012065,HHS,67.13365808987935
2023-06-28,91.0,199.0,172.0,5999,174.0,6198.0,-2.0,6093.142857142857,6123.0,0.9117551286226044,97.94288909272494,0,0,0,1.0116279069767442,-11990.0,25.090990535499884,HHS,74.90900946450012
2023-06-29,81.0,213.0,153.0,6058,213.0,6271.0,-60.0,6138.0,6096.5,1.177799290093584,97.09960521728745,0,0,0,1.392156862745098,-12050.0,25.434012391433452,HHS,74.56598760856654
2023-07-02,209.0,285.0,184.0,5903,309.0,6188.0,-125.0,6148.0,6098.571428571428,-1.3235528623823931,98.29377735485744,0,0,0,1.6793478260869563,-12175.0,25.05264072185446,HHS,74.94735927814554
2023-07-04,184.0,314.0,217.0,6127,124.0,6441.0,93.0,6183.857142857143,6120.142857142857,4.088558500323214,148.91544420854632,0,0,0,0.5714285714285714,-12082.0,36.77829331172855,HHS,63.22170668827145
2023-07-05,107.0,215.0,230.0,6193,167.0,6408.0,63.0,6246.571428571428,6140.357142857143,-0.5123428039124356,135.15405671912836,0,0,0,0.7260869565217392,-12019.0,33.01094313575979,HHS,66.98905686424021
2023-07-06,101.0,162.0,178.0,6239,205.0,6401.0,-27.0,6292.714285714285,6157.428571428572,-0.1092384519350786,122.56116063115512,0,0,0,1.151685393258427,-12046.0,27.03458712548592,HHS,72.96541287451407
2023-07-09,99.0,190.0,176.0,6214,196.0,6404.0,-20.0,6330.142857142857,6178.214285714285,0.0468676769254772,108.00529087577168,0,0,0,1.1136363636363635,-12066.0,26.51566863747291,HHS,73.48433136252709
2023-07-10,167.0,239.0,166.0,6346,163.0,6585.0,3.0,6385.428571428572,6239.285714285715,2.826358525921302,126.54756305161376,0,0,0,0.9819277108433736,-12063.0,28.484980633090963,HHS,71.51501936690903
2023-07-11,115.0,216.0,169.0,6498,143.0,6714.0,26.0,6448.714285714285,6293.357142857143,1.958997722095668,164.78037331122627,0,0,0,0.8461538461538461,-12037.0,33.264691026565686,HHS,66.73530897343431
2023-07-12,84.0,158.0,193.0,6521,210.0,6679.0,-17.0,6518.857142857143,6333.428571428572,-0.5212987786714307,137.55899167444866,0,0,0,1.0880829015544042,-12054.0,29.00927741226701,HHS,70.99072258773299
2023-07-13,130.0,227.0,192.0,6604,226.0,6831.0,-34.0,6574.571428571428,6379.214285714285,2.2757897888905587,174.7272704749697,0,0,0,1.1770833333333333,-12088.0,31.152263719400008,HHS,68.84773628059999
2023-07-16,88.0,214.0,160.0,6468,218.0,6682.0,-58.0,6613.714285714285,6430.142857142857,-2.1812326160152273,161.3729782065504,0,0,0,1.3625,-12146.0,29.898761775794508,HHS,70.10123822420549
2023-07-17,113.0,208.0,159.0,6632,160.0,6840.0,-1.0,6676.428571428572,6484.571428571428,2.3645615085303717,149.81862049702644,0,0,0,1.0062893081761006,-12147.0,30.284074080457916,HHS,69.71592591954209
2023-07-18,174.0,285.0,150.0,6874,181.0,7159.0,-31.0,6784.285714285715,6557.214285714285,4.66374269005847,187.92703751345445,0,0,0,1.2066666666666668,-12178.0,33.317101861039944,HHS,66.68289813896006
2023-07-19,104.0,230.0,206.0,7001,226.0,7231.0,-20.0,6876.571428571428,6631.0,1.005727056851513,228.0795600537163,0,0,0,1.0970873786407769,-12198.0,35.15979166827421,HHS,64.84020833172579
2023-07-20,147.0,276.0,214.0,7116,281.0,7392.0,-67.0,6973.428571428572,6711.071428571428,2.226524685382381,284.514122170229,0,1,1,1.3130841121495327,-12265.0,38.056072179188874,HHS,61.943927820811126
2023-07-23,108.0,220.0,213.0,7052,276.0,7272.0,-63.0,7058.142857142857,6788.5,-1.6233766233766267,270.15762594669127,0,1,1,1.295774647887324,-12328.0,36.91434893953504,HHS,63.08565106046496
2023-07-24,180.0,280.0,146.0,7220,187.0,7500.0,-41.0,7153.714285714285,6864.142857142857,3.1353135313531455,293.71682183453476,0,1,1,1.2808219178082192,-12369.0,38.94714489936076,HHS,61.05285510063924
2023-07-25,134.0,294.0,186.0,7510,136.0,7804.0,50.0,7314.0,6963.857142857143,4.053333333333331,299.4812181089266,0,1,1,0.7311827956989247,-12319.0,46.09245379995396,HHS,53.90754620004604
2023-07-26,202.0,313.0,158.0,7647,215.0,7960.0,-57.0,7474.0,7075.214285714285,1.9989748846745312,303.1979551382305,0,1,1,1.360759493670886,-12376.0,41.65171648529054,HHS,58.34828351470946
2023-07-27,110.0,272.0,193.0,7754,259.0,8026.0,-66.0,7597.857142857143,7191.071428571428,0.8291457286432102,329.0564432694575,0,1,1,1.3419689119170986,-12442.0,42.93899216789682,HHS,57.06100783210318
2023-07-30,166.0,277.0,229.0,7671,305.0,7948.0,-76.0,7700.285714285715,7288.428571428572,-0.9718415150759996,306.66035190186045,0,1,1,1.331877729257642,-12518.0,41.717331712399385,HHS,58.282668287600615
2023-07-31,136.0,276.0,178.0,7800,220.0,8076.0,-42.0,7798.0,7385.714285714285,1.610468042274782,300.97840454092415,0,1,1,1.2359550561797752,-12560.0,42.16450801939374,HHS,57.83549198060626
2023-08-01,87.0,246.0,173.0,8103,168.0,8349.0,5.0,7951.857142857143,7505.0,3.3803863298662806,259.7270545344497,0,1,1,0.9710982658959536,-12555.0,42.62693739736337,HHS,57.37306260263663
2023-08-02,84.0,171.0,157.0,8261,271.0,8432.0,-114.0,8085.0,7619.357142857143,0.9941310336567312,226.20860578972173,0,0,0,1.7261146496815287,-12669.0,41.243780408798415,HHS,58.756219591201585
2023-08-03,167.0,209.0,157.0,8294,339.0,8503.0,-182.0,8184.857142857143,7749.428571428572,0.8420303605312984,235.57902323948832,0,0,0,2.159235668789809,-12851.0,41.951460192896455,HHS,58.048539807103545
2023-08-06,109.0,245.0,159.0,8298,322.0,8543.0,-163.0,8268.142857142857,7871.071428571428,0.4704222039280337,245.67419384991115,0,1,1,2.0251572327044025,-13014.0,42.52693127044792,HHS,57.47306872955208
2023-08-07,156.0,256.0,176.0,8493,202.0,8749.0,-26.0,8371.42857142857,7984.642857142857,2.4113309141987616,276.9024239347598,0,1,1,1.1477272727272727,-13040.0,44.72852166294723,HHS,55.27147833705277
2023-08-08,125.0,232.0,192.0,8725,207.0,8957.0,-15.0,8515.57142857143,8107.928571428572,2.3774145616641817,282.3153420927454,0,1,1,1.078125,-13055.0,45.992781853104994,HHS,54.007218146895006
2023-08-09,118.0,139.0,168.0,8888,251.0,9027.0,-83.0,8651.42857142857,8224.714285714286,0.7815116668527411,263.73841658154834,1,1,1,1.494047619047619,-13138.0,45.669504312016954,HHS,54.330495687983046
2023-08-10,142.0,235.0,139.0,8914,353.0,9149.0,-214.0,8765.714285714286,8358.785714285714,1.3515010523983628,283.4411839551432,1,1,1,2.539568345323741,-13352.0,47.017713529802286,HHS,52.982286470197714
2023-08-16,148.0,245.0,175.0,9634,288.0,9879.0,-113.0,8972.42857142857,8528.714285714286,7.979014099901627,467.43229710936583,1,1,1,1.6457142857142857,-13465.0,57.51104018478013,HHS,42.48895981521987
2023-08-17,119.0,219.0,210.0,9694,407.0,9913.0,-197.0,9173.857142857143,8679.357142857143,0.3441643891082035,530.9197769190687,1,1,1,1.938095238095238,-13662.0,60.01559013747004,HHS,39.98440986252996
2023-08-20,105.0,210.0,149.0,9483,390.0,9693.0,-241.0,9338.142857142857,8803.142857142857,-2.219307979420959,478.5141685716237,1,1,1,2.61744966442953,-13903.0,56.96494219043724,HHS,43.03505780956276
2023-08-21,143.0,203.0,163.0,9668,281.0,9871.0,-118.0,9498.42857142857,8934.92857142857,1.8363767667388895,434.1393236979736,1,1,1,1.7239263803680982,-14021.0,56.248005644866474,HHS,43.751994355133526
2023-08-22,119.0,209.0,152.0,9921,230.0,10130.0,-78.0,9666.0,9090.785714285714,2.623847634484844,416.3408059110315,1,1,1,1.513157894736842,-14099.0,56.92153802044216,HHS,43.07846197955784
2023-08-23,155.0,212.0,181.0,10071,285.0,10283.0,-104.0,9845.42857142857,9248.42857142857,1.5103652517275412,362.1794477616479,1,1,1,1.574585635359116,-14203.0,55.717304226946936,HHS,44.282695773053064
2023-08-24,109.0,214.0,173.0,10026,443.0,10240.0,-270.0,10001.285714285714,9383.5,-0.4181659048915653,218.96629442728732,1,0,1,2.560693641618497,-14473.0,50.24023941626461,HHS,49.75976058373539
2023-08-27,191.0,283.0,192.0,9873,488.0,10156.0,-296.0,10040.857142857143,9506.642857142857,-0.8203124999999978,218.211998273366,1,0,1,2.5416666666666665,-14769.0,49.78222437428,HHS,50.21777562572
2023-08-28,170.0,297.0,196.0,10012,388.0,10309.0,-192.0,10097.42857142857,9635.642857142857,1.5064986215045373,230.5246603892916,1,0,1,1.979591836734694,-14961.0,51.01798407446798,HHS,48.98201592553202
2023-08-29,152.0,272.0,214.0,10180,286.0,10452.0,-72.0,10205.857142857143,9772.0,1.387137452711218,181.98482406633585,1,0,1,1.3364485981308412,-15033.0,49.9688641927518,HHS,50.0311358072482
2023-08-30,239.0,367.0,224.0,10280,366.0,10647.0,-142.0,10316.714285714286,9907.57142857143,1.8656716417910555,180.3530928351852,1,0,1,1.6339285714285714,-15175.0,50.90794532251329,HHS,49.09205467748671
2023-08-31,113.0,280.0,237.0,10140,505.0,10420.0,-268.0,10358.142857142857,10012.07142857143,-2.1320559782098236,162.76509512317125,1,0,1,2.130801687763713,-15443.0,49.09945094360012,HHS,50.90054905639988
2023-09-04,196.0,306.0,187.0,9988,293.0,10294.0,-106.0,10359.714285714286,10102.57142857143,-1.2092130518234212,161.96986786194793,1,0,1,1.5668449197860963,-15549.0,48.42476955113102,HHS,51.57523044886898
2023-09-05,236.0,330.0,222.0,10142,243.0,10472.0,-21.0,10392.857142857143,10197.07142857143,1.7291626190013565,157.05246317856685,1,0,1,1.0945945945945943,-15570.0,49.15615668084568,HHS,50.84384331915432
2023-09-06,81.0,230.0,242.0,10356,291.0,10586.0,-49.0,10454.285714285714,10247.57142857143,1.0886172650878434,130.8825354858973,1,0,1,1.2024793388429753,-15619.0,48.77958045411243,HHS,51.22041954588757
2023-09-07,118.0,245.0,160.0,10419,398.0,10664.0,-238.0,10505.0,10301.214285714286,0.7368222180238027,133.946506735509,1,0,1,2.4875,-15857.0,49.29163665942729,HHS,50.70836334057271
2023-09-10,218.0,283.0,208.0,10282,382.0,10565.0,-174.0,10521.142857142857,10363.5,-0.9283570892723136,133.3021987457644,1,0,1,1.8365384615384617,-16031.0,48.76081457756777,HHS,51.23918542243223
2023-09-11,132.0,243.0,183.0,10492,277.0,10735.0,-94.0,10533.714285714286,10425.214285714286,1.6090866067203002,150.22506924129064,1,0,1,1.5136612021857925,-16125.0,50.25288661910404,HHS,49.74711338089596
2023-09-12,224.0,315.0,152.0,10649,316.0,10964.0,-164.0,10611.42857142857,10484.785714285714,2.133209129017244,210.29491762981792,1,0,1,2.0789473684210527,-16289.0,53.63096450006957,HHS,46.36903549993043
2023-09-13,167.0,326.0,213.0,10678,343.0,11004.0,-130.0,10712.857142857143,10536.285714285714,0.3648303538854369,202.7645831758011,1,0,1,1.6103286384976525,-16419.0,53.55947429096395,HHS,46.44052570903605
2023-09-14,209.0,353.0,232.0,10837,414.0,11190.0,-182.0,10815.42857142857,10604.142857142857,1.690294438386042,238.9866503543659,1,1,1,1.7844827586206895,-16601.0,55.84190930913253,HHS,44.15809069086747
2023-09-17,153.0,253.0,286.0,10799,427.0,11052.0,-141.0,10882.0,10668.142857142857,-1.2332439678284235,229.12660255845728,1,0,1,1.493006993006993,-16742.0,54.773019462582994,HHS,45.226980537417006
2023-09-18,180.0,337.0,219.0,10892,313.0,11229.0,-94.0,10962.714285714286,10733.857142857143,1.601520086862096,238.8428453227901,1,0,1,1.4292237442922375,-16836.0,56.03642588770842,HHS,43.96357411229158
2023-09-19,133.0,287.0,189.0,11095,260.0,11382.0,-71.0,11079.42857142857,10800.285714285714,1.362543414373496,209.9776632111161,1,0,1,1.3756613756613756,-16907.0,55.76071281103958,HHS,44.23928718896042
2023-09-20,187.0,310.0,247.0,11064,364.0,11374.0,-117.0,11170.714285714286,10852.214285714286,-0.0702864171498895,170.46672626024946,1,0,1,1.4736842105263157,-17024.0,54.26944187862668,HHS,45.73055812137332
2023-09-21,168.0,285.0,210.0,11067,428.0,11352.0,-218.0,11226.142857142857,10918.785714285714,-0.1934235976789211,154.37014885373776,1,0,1,2.038095238095238,-17242.0,53.56589644898199,HHS,46.43410355101801
2023-09-24,269.0,412.0,204.0,10744,403.0,11156.0,-199.0,11247.857142857143,10980.357142857143,-1.726568005637774,125.99792137356316,1,0,1,1.9754901960784317,-17441.0,51.52036791490484,HHS,48.47963208509516
2023-09-25,100.0,255.0,236.0,10842,284.0,11097.0,-48.0,11234.57142857143,11025.0,-0.5288633918967389,137.49406913609556,1,0,1,1.2033898305084745,-17489.0,51.64009108873334,HHS,48.35990891126666
2023-09-26,205.0,294.0,177.0,10978,332.0,11272.0,-155.0,11266.0,11074.0,1.5770027935477993,111.4914047508408,1,0,1,1.8757062146892656,-17644.0,51.582154424195856,HHS,48.417845575804144
2023-09-27,161.0,304.0,211.0,11017,331.0,11321.0,-120.0,11279.142857142857,11120.92857142857,0.434705464868701,111.82490565071836,1,0,1,1.5687203791469195,-17764.0,51.845420488887584,HHS,48.154579511112416
2023-09-28,57.0,162.0,193.0,10984,447.0,11146.0,-254.0,11245.42857142857,11162.42857142857,-1.545799841003448,111.220287631955,1,0,1,2.316062176165803,-18018.0,50.92671100367689,HHS,49.07328899632311
2023-10-01,80.0,122.0,152.0,10598,493.0,10720.0,-341.0,11152.0,11161.357142857143,-3.8219989233805873,213.17520180980023,1,0,1,3.2434210526315788,-18359.0,52.486688129106504,HHS,47.513311870893496
2023-10-02,107.0,170.0,133.0,10724,284.0,10894.0,-151.0,11086.57142857143,11156.357142857143,1.6231343283582111,211.84102305172473,1,0,1,2.1353383458646618,-18510.0,53.329109244252834,HHS,46.670890755747166
2023-10-03,99.0,156.0,139.0,10818,287.0,10974.0,-148.0,11060.57142857143,11154.214285714286,0.7343491830365423,213.0648235809968,1,0,1,2.064748201438849,-18658.0,53.783866097181864,HHS,46.216133902818136
2023-10-04,25.0,66.0,94.0,10963,330.0,11029.0,-236.0,11050.857142857143,11142.714285714286,0.5011846181884438,212.67692914479088,1,0,1,3.5106382978723403,-18894.0,54.05139035014146,HHS,45.94860964985854
2023-10-05,35.0,70.0,53.0,11130,427.0,11200.0,-374.0,11040.57142857143,11153.285714285714,1.5504578837610028,201.65470251794576,1,0,1,5.0,-19268.0,54.522833403818346,HHS,45.477166596181654
2023-10-09,43.0,73.0,64.0,10815,282.0,10888.0,-218.0,10978.714285714286,11128.92857142857,-2.7857142857142803,164.23632798060677,1,0,1,4.40625,-19486.0,51.55099495854872,HHS,48.44900504145128
2023-10-10,41.0,60.0,71.0,10910,257.0,10970.0,-186.0,10953.57142857143,11099.5,0.7531227038942045,146.91704818570574,1,0,1,3.619718309859155,-19672.0,51.33535593512253,HHS,48.66464406487747
2023-10-11,65.0,83.0,65.0,10960,266.0,11043.0,-201.0,10999.714285714286,11075.857142857143,0.6654512306289773,106.49368414082986,1,0,1,4.092307692307692,-19873.0,50.225552496189906,HHS,49.774447503810094
2023-10-12,38.0,80.0,82.0,10992,398.0,11072.0,-316.0,11025.142857142857,11055.857142857143,0.2626097980621189,97.95309859208976,1,0,1,4.853658536585366,-20189.0,50.06062758017206,HHS,49.93937241982794
2023-10-15,56.0,82.0,68.0,10571,434.0,10653.0,-366.0,10979.285714285714,11019.92857142857,-3.7843208092485536,172.5897971932877,1,0,1,5.0,-20555.0,50.6537237188147,HHS,49.3462762811853
2023-10-16,74.0,103.0,80.0,10629,331.0,10732.0,-251.0,10936.857142857143,10993.857142857143,0.7415751431521622,193.5634508986436,1,0,1,4.1375,-20806.0,51.82829516883392,HHS,48.17170483116608
2023-10-17,68.0,107.0,102.0,10630,315.0,10737.0,-213.0,10870.714285714286,10955.642857142857,0.0465896384644004,165.76862819972962,1,0,1,3.088235294117647,-21019.0,50.83367395295859,HHS,49.16632604704141
2023-10-18,92.0,124.0,93.0,10511,393.0,10635.0,-300.0,10834.57142857143,10906.642857142857,-0.9499860296172112,187.52498246260737,1,0,1,4.225806451612903,-21319.0,51.1097210889786,HHS,48.8902789110214
2023-10-19,113.0,162.0,107.0,10319,406.0,10481.0,-299.0,10764.714285714286,10859.142857142857,-1.4480488951574944,217.3727323329377,1,0,1,3.794392523364486,-21618.0,51.41637731897877,HHS,48.58362268102123
2023-10-22,106.0,196.0,131.0,9506,454.0,9702.0,-323.0,10573.142857142857,10786.42857142857,-7.432496899150842,423.9746173893651,1,1,1,3.4656488549618323,-21941.0,55.009121536221194,HHS,44.990878463778806
2023-10-23,86.0,152.0,168.0,9436,327.0,9588.0,-159.0,10361.142857142857,10693.142857142857,-1.1750154607297447,497.5886616377612,1,1,1,1.9464285714285712,-22100.0,57.12718015333025,HHS,42.87281984666975
2023-10-24,84.0,118.0,136.0,9396,300.0,9514.0,-164.0,10198.42857142857,10588.857142857143,-0.7717980809345049,567.5540670699147,1,1,1,2.2058823529411766,-22264.0,59.31622997080501,HHS,40.68377002919499
2023-10-25,59.0,64.0,117.0,9351,293.0,9415.0,-176.0,10010.285714285714,10473.57142857143,-1.0405717889426125,579.3650876277295,1,1,1,2.5042735042735043,-22440.0,59.24259282369799,HHS,40.75740717630201
2023-10-26,62.0,97.0,52.0,9235,390.0,9332.0,-338.0,9809.57142857143,10340.142857142857,-0.8815719596388716,526.614614667058,1,1,1,5.0,-22778.0,56.88113054829401,HHS,43.11886945170599
2023-10-29,91.0,75.0,97.0,8925,418.0,9000.0,-321.0,9576.0,10205.285714285714,-3.557651093013292,457.55181855899946,0,1,1,4.309278350515464,-23099.0,52.64529385016298,HHS,47.35470614983702
2023-10-30,29.0,51.0,11.0,9026,278.0,9077.0,-267.0,9375.42857142857,10070.07142857143,0.855555555555565,259.6458210349867,1,1,1,5.0,-23366.0,45.77542915748683,HHS,54.22457084251317
2023-10-31,33.0,53.0,34.0,9072,295.0,9125.0,-261.0,9293.0,9933.07142857143,0.5288090778891696,228.40023350830015,1,0,1,5.0,-23627.0,44.874431151418605,HHS,55.125568848581395
2023-11-01,132.0,235.0,197.0,9250,279.0,9485.0,-82.0,9278.285714285714,9819.714285714286,3.945205479452052,208.69572291229164,1,0,1,1.416243654822335,-23709.0,45.99542024204274,HHS,54.00457975795726
2023-11-02,174.0,208.0,256.0,9442,330.0,9650.0,-74.0,9297.714285714286,9748.07142857143,1.739588824459681,238.4992762292671,1,0,1,1.2890625,-23783.0,47.93467550609009,HHS,52.06532449390991
2023-11-05,123.0,230.0,167.0,9273,370.0,9503.0,-203.0,9310.285714285714,9660.285714285714,-1.523316062176161,247.84787961278008,1,1,1,2.215568862275449,-23986.0,47.52475130500542,HHS,52.47524869499458
2023-11-06,123.0,233.0,159.0,9286,316.0,9519.0,-157.0,9337.0,9573.285714285714,0.1683678838261704,260.34144246862945,1,1,1,1.9874213836477987,-24143.0,48.06530688030326,HHS,51.93469311969674
2023-11-07,141.0,232.0,188.0,9483,231.0,9715.0,-43.0,9439.142857142857,9507.57142857143,2.0590398151066225,245.95014980775576,1,1,1,1.2287234042553192,-24186.0,48.54115886262832,HHS,51.45884113737168
2023-11-08,158.0,226.0,191.0,9634,310.0,9860.0,-119.0,9551.0,9463.214285714286,1.49253731343284,231.4224132043312,1,0,1,1.6230366492146595,-24305.0,48.75073204568283,HHS,51.24926795431717
2023-11-12,96.0,160.0,233.0,9477,313.0,9637.0,-80.0,9624.142857142857,9458.57142857143,-2.2616632860040564,135.2829486315997,1,0,1,1.3433476394849786,-24385.0,44.079421565780585,HHS,55.920578434219415
2023-11-13,141.0,173.0,129.0,9510,287.0,9683.0,-158.0,9652.42857142857,9465.357142857143,0.4773269689737569,121.32031588981,1,0,1,2.2248062015503876,-24543.0,43.80256530393015,HHS,56.19743469606985
2023-11-14,116.0,181.0,182.0,9665,247.0,9846.0,-65.0,9680.42857142857,9489.07142857143,1.6833625942373145,141.59079200617887,1,0,1,1.3571428571428572,-24608.0,45.38165380625745,HHS,54.61834619374255
2023-11-15,150.0,157.0,201.0,9762,316.0,9919.0,-115.0,9739.857142857143,9525.07142857143,0.7414178346536682,142.00989234484703,1,0,1,1.572139303482587,-24723.0,45.77101270118237,HHS,54.22898729881763
2023-11-16,80.0,176.0,125.0,9762,374.0,9938.0,-249.0,9799.714285714286,9568.357142857143,0.191551567698367,120.0023809287045,1,0,1,2.992,-24972.0,45.06054167981859,HHS,54.93945832018141
2023-11-19,116.0,188.0,164.0,9573,435.0,9761.0,-271.0,9806.285714285714,9622.714285714286,-1.7810424632722863,115.77523380192903,1,0,1,2.652439024390244,-25243.0,43.99861784275373,HHS,56.00138215724627
2023-11-20,105.0,185.0,158.0,9638,298.0,9823.0,-140.0,9801.0,9676.0,0.635180821637138,113.740933704566,1,0,1,1.8860759493670889,-25383.0,44.24156983216688,HHS,55.75843016783312
2023-11-21,136.0,246.0,123.0,9804,250.0,10050.0,-127.0,9860.0,9742.07142857143,2.310902982795482,121.35347818111411,1,0,1,2.032520325203252,-25510.0,45.68390550886928,HHS,54.31609449113072
2023-11-23,128.0,228.0,177.0,9838,283.0,10066.0,-106.0,9914.714285714286,9783.57142857143,0.1592039800994982,114.39072556473523,1,0,1,1.5988700564971752,-25616.0,45.51029812285066,HHS,54.48970187714934
2023-11-26,90.0,196.0,205.0,9845,312.0,10041.0,-107.0,9942.57142857143,9811.5,-0.2483608185972596,118.53671321975062,1,0,1,1.5219512195121951,-25723.0,45.534406857084065,HHS,54.465593142915935
2023-11-27,56.0,82.0,68.0,10123,214.0,10205.0,-146.0,9983.42857142857,9861.642857142857,1.6333034558311033,153.26105957138023,1,0,1,3.1470588235294117,-25869.0,47.64916165922391,HHS,52.35083834077609
2023-11-28,74.0,103.0,80.0,10223,223.0,10326.0,-143.0,10038.857142857143,9919.285714285714,1.185693287604117,197.7872835239927,1,0,1,2.7875,-26012.0,49.90341701603532,HHS,50.09658298396468
2023-11-29,68.0,107.0,102.0,10398,284.0,10505.0,-182.0,10145.142857142857,9975.714285714286,1.73348828200659,222.0085798427665,1,0,1,2.784313725490196,-26194.0,51.70949142524832,HHS,48.29050857475168
2023-11-30,92.0,124.0,93.0,10536,320.0,10660.0,-227.0,10264.714285714286,10032.857142857143,1.47548786292242,243.908257538019,1,1,1,3.4408602150537635,-26421.0,53.307397747748695,HHS,46.692602252251305
2023-12-03,132.0,235.0,197.0,10579,417.0,10814.0,-220.0,10373.857142857143,10116.92857142857,1.4446529080675452,296.977792980899,1,1,1,2.116751269035533,-26641.0,56.04430102972964,HHS,43.95569897027036
2023-12-04,174.0,208.0,256.0,10635,273.0,10843.0,-17.0,10484.857142857143,10199.785714285714,0.2681708895875712,307.7463395782434,1,1,1,1.06640625,-26658.0,56.58813656805282,HHS,43.41186343194718
2023-12-05,123.0,230.0,167.0,10761,261.0,10991.0,-94.0,10620.57142857143,10281.57142857143,1.364935903347786,288.2388229361535,1,1,1,1.562874251497006,-26752.0,56.63029093936577,HHS,43.36970906063423
2023-12-06,123.0,233.0,159.0,10832,376.0,11065.0,-217.0,10743.42857142857,10363.42857142857,0.6732781366572738,263.83382215759974,1,1,1,2.3647798742138364,-26969.0,56.11358003686365,HHS,43.88641996313635
2023-12-07,141.0,232.0,188.0,10897,466.0,11129.0,-278.0,10858.142857142857,10448.5,0.5784003615002309,223.58922795418212,1,0,1,2.478723404255319,-27247.0,54.96423196126051,HHS,45.03576803873949
2023-12-10,158.0,226.0,191.0,10871,411.0,11097.0,-220.0,10942.714285714286,10543.92857142857,-0.2875370653248277,174.27441415359093,1,0,1,2.1518324607329844,-27467.0,52.990149384890685,HHS,47.009850615109315
2023-12-11,96.0,160.0,233.0,10998,304.0,11158.0,-71.0,11013.857142857143,10639.285714285714,0.5496981166080994,137.3686385502536,1,0,1,1.3047210300429184,-27538.0,51.947987037223534,HHS,48.052012962776466
2023-12-12,141.0,173.0,129.0,11077,259.0,11250.0,-130.0,11076.142857142857,10725.0,0.8245205233912811,130.31043520692455,1,0,1,2.007751937984496,-27668.0,52.16022030183638,HHS,47.83977969816362
2023-12-13,116.0,181.0,182.0,11192,335.0,11373.0,-153.0,11151.857142857143,10818.357142857143,1.093333333333324,126.17769027771676,1,0,1,1.8406593406593408,-27821.0,52.638646835046934,HHS,47.361353164953066
2023-12-14,150.0,157.0,201.0,11242,396.0,11399.0,-195.0,11210.142857142857,10915.357142857143,0.2286116240218128,133.5095858873825,1,0,1,1.9701492537313432,-28016.0,53.04096790768463,HHS,46.95903209231537
2023-12-17,80.0,176.0,125.0,11092,456.0,11268.0,-331.0,11239.142857142857,10991.285714285714,-1.149223616106676,117.85786435570408,1,0,1,3.648,-28347.0,51.7953497057612,HHS,48.2046502942388
2023-12-18,116.0,188.0,164.0,11149,364.0,11337.0,-200.0,11268.857142857143,11063.5,0.6123535676251235,111.50998247012716,1,0,1,2.2195121951219514,-28547.0,51.91582814070927,HHS,48.08417185929073
2023-12-19,105.0,185.0,158.0,11291,272.0,11476.0,-114.0,11323.0,11132.857142857143,1.2260739172620605,106.03458555276195,1,0,1,1.7215189873417722,-28661.0,52.42693854141609,HHS,47.57306145858391
2023-12-20,136.0,246.0,123.0,11516,390.0,11762.0,-267.0,11409.285714285714,11211.57142857143,2.492157546183349,173.6084812499627,1,0,1,3.1707317073170733,-28928.0,56.37246796578745,HHS,43.62753203421255
2023-12-21,128.0,228.0,177.0,11375,497.0,11603.0,-320.0,11459.714285714286,11267.92857142857,-1.3518109165107983,170.8758948142949,1,0,1,2.8079096045197742,-29248.0,55.457616545617014,HHS,44.542383454382986
2023-12-25,90.0,196.0,205.0,11144,347.0,11340.0,-142.0,11455.0,11303.42857142857,-2.266655175385679,174.09192973832666,1,0,1,1.6926829268292682,-29390.0,54.22832816632408,HHS,45.77167183367592
2023-12-26,56.0,82.0,68.0,11217,288.0,11299.0,-220.0,11440.714285714286,11325.42857142857,-0.3615520282186923,183.3118602143691,1,0,1,4.235294117647059,-29610.0,54.35671368804951,HHS,45.64328631195049
2023-12-27,74.0,103.0,80.0,11206,335.0,11309.0,-255.0,11446.57142857143,11342.857142857143,0.0885034073811796,177.43436076748708,1,0,1,4.1875,-29865.0,54.19220386902814,HHS,45.80779613097186
2023-12-28,68.0,107.0,102.0,11230,357.0,11337.0,-255.0,11446.57142857143,11357.714285714286,0.2475904147139385,177.43436076748708,1,0,1,3.5,-30120.0,54.33564649197895,HHS,45.66435350802105
2024-01-01,92.0,124.0,93.0,10870,290.0,10994.0,-197.0,11377.714285714286,11350.357142857143,-3.0254917526682523,244.8344435775292,1,1,1,3.118279569892473,-30317.0,55.05245987989363,HHS,44.94754012010637
2024-01-02,113.0,162.0,107.0,10770,316.0,10932.0,-209.0,11259.142857142857,11334.214285714286,-0.5639439694378745,228.1208952664244,1,0,1,2.953271028037383,-30526.0,54.12134990101865,HHS,45.87865009898135
2024-01-03,106.0,196.0,131.0,10718,263.0,10914.0,-132.0,11160.714285714286,11310.214285714286,-0.1646542261251382,202.19768733077933,1,0,1,2.007633587786259,-30658.0,53.07760025445981,HHS,46.92239974554019
2024-01-04,86.0,152.0,168.0,10558,362.0,10710.0,-194.0,11070.714285714286,11262.857142857143,-1.869158878504673,244.8140207625263,1,1,1,2.1547619047619047,-30852.0,53.59679220784134,HHS,46.40320779215866
2024-01-07,84.0,118.0,136.0,9670,367.0,9788.0,-231.0,10854.857142857143,11147.785714285714,-8.608776844070965,520.6862230337481,1,1,1,2.698529411764706,-31083.0,58.99958874770133,HHS,41.00041125229867
2024-01-08,59.0,64.0,117.0,9670,367.0,9734.0,-250.0,10629.857142857143,11038.214285714286,-0.5516959542296695,622.1447925179052,1,1,1,3.1367521367521367,-31333.0,62.44708476386559,HHS,37.55291523613441
2024-01-09,62.0,97.0,52.0,9311,286.0,9408.0,-234.0,10354.285714285714,10900.42857142857,-3.3490856790630796,681.13770371972,1,1,1,5.0,-31567.0,62.9423949142252,HHS,37.0576050857748
2024-01-10,91.0,75.0,97.0,9144,349.0,9219.0,-252.0,10100.714285714286,10739.214285714286,-2.00892857142857,731.8061478938514,1,1,1,3.597938144329897,-31819.0,63.83399167736712,HHS,36.16600832263288
2024-01-11,29.0,51.0,11.0,8829,476.0,8880.0,-465.0,9807.57142857143,10533.357142857143,-3.6771884152294154,753.9694638252596,0,1,1,5.0,-32284.0,62.91083739253367,HHS,37.08916260746633
2024-01-15,33.0,53.0,34.0,8033,234.0,8086.0,-200.0,9403.57142857143,10282.142857142857,-8.941441441441444,817.3057072158581,0,1,1,5.0,-32484.0,61.16803278684535,HHS,38.83196721315465
2024-01-16,32.0,49.0,39.0,8133,188.0,8182.0,-149.0,9042.42857142857,10056.57142857143,1.187237200098945,692.8736915058508,0,1,1,4.82051282051282,-32633.0,57.09243804256891,HHS,42.90756195743109
2024-01-17,80.0,176.0,125.0,8072,353.0,8248.0,-228.0,8822.42857142857,9838.642857142857,0.8066487411390932,660.4144802427314,0,1,1,2.824,-32861.0,56.23910591296743,HHS,43.76089408703257
2024-01-18,116.0,188.0,164.0,8042,359.0,8230.0,-195.0,8607.57142857143,9618.714285714286,-0.2182347235693549,549.8102270004404,0,1,1,2.1890243902439024,-33056.0,52.087056230366734,HHS,47.912943769633266
2024-01-21,105.0,185.0,158.0,7974,371.0,8159.0,-213.0,8429.142857142857,9391.714285714286,-0.8626974483596617,438.06788993313035,0,1,1,2.348101265822785,-33269.0,47.621715681871976,HHS,52.378284318128024
2024-01-22,136.0,246.0,123.0,8008,222.0,8254.0,-99.0,8291.285714285714,9196.0,1.164358377252106,266.2046294899718,0,1,1,1.804878048780488,-33368.0,41.799988069152725,HHS,58.200011930847275
2024-01-23,128.0,228.0,177.0,8133,202.0,8361.0,-25.0,8217.142857142857,9012.357142857143,1.296341167918591,86.587967931256,0,0,0,1.1412429378531073,-33393.0,35.755139745854834,HHS,64.24486025414517
2024-01-24,90.0,196.0,205.0,8212,243.0,8408.0,-38.0,8263.142857142857,8833.357142857143,0.5621337160626627,90.73850445353624,0,0,0,1.1853658536585363,-33431.0,36.148267909696806,HHS,63.851732090303194
2024-01-25,102.0,189.0,155.0,8180,293.0,8369.0,-138.0,8289.857142857143,8666.142857142857,-0.4638439581351128,90.39437403473296,0,0,0,1.8903225806451611,-33569.0,35.935841186383,HHS,64.064158813617
2024-01-28,120.0,257.0,126.0,8004,307.0,8261.0,-181.0,8291.714285714286,8557.07142857143,-1.2904767594694722,89.5204153357943,0,0,0,2.4365079365079363,-33750.0,35.35048299475865,HHS,64.64951700524135
2024-01-29,137.0,272.0,166.0,8057,195.0,8329.0,-29.0,8305.857142857143,8456.714285714286,0.8231448977121358,85.89223591492184,0,0,0,1.1746987951807228,-33779.0,35.56566780005865,HHS,64.43433219994135
2024-01-30,93.0,198.0,208.0,8182,187.0,8380.0,21.0,8337.42857142857,8383.285714285714,0.6123184055708997,59.46667734348543,0,0,0,0.8990384615384616,-33758.0,36.87619326116503,HHS,63.12380673883497
2024-01-31,203.0,477.0,258.0,8153,266.0,8630.0,-8.0,8391.142857142857,8341.214285714286,2.9832935560859086,115.22359216091456,0,0,0,1.0310077519379846,-33766.0,38.18431192334908,HHS,61.81568807665092
2024-02-01,222.0,459.0,289.0,8026,337.0,8485.0,-48.0,8408.857142857143,8313.0,-1.6801853997682523,119.27758740489114,0,0,0,1.166089965397924,-33814.0,37.590289888403625,HHS,62.409710111596375
2024-02-04,253.0,531.0,248.0,7813,342.0,8344.0,-94.0,8399.714285714286,8331.42857142857,-1.6617560400707163,121.78083358459992,0,0,0,1.3790322580645162,-33908.0,36.95983790577239,HHS,63.04016209422761
2024-02-05,157.0,466.0,345.0,7872,242.0,8338.0,103.0,8395.285714285714,8342.57142857143,-0.0719079578139991,123.63348290502334,0,0,0,0.7014492753623188,-33805.0,42.968117986772256,HHS,57.031882013227744
2024-02-06,291.0,455.0,323.0,8045,178.0,8500.0,145.0,8429.42857142857,8360.57142857143,1.9429119692971897,112.90387820741248,0,0,0,0.5510835913312694,-33660.0,46.41150913588932,HHS,53.58849086411068
2024-02-07,227.0,453.0,330.0,8160,222.0,8613.0,108.0,8470.0,8387.92857142857,1.32941176470589,121.5003429349964,0,0,0,0.6727272727272727,-33552.0,44.87307053992683,HHS,55.12692946007317
2024-02-08,298.0,499.0,358.0,8188,315.0,8687.0,43.0,8513.857142857143,8425.642857142857,0.8591663764077495,137.9002399942234,0,0,0,0.8798882681564246,-33509.0,41.71092314614089,HHS,58.28907685385911
2024-02-11,205.0,515.0,226.0,8056,347.0,8571.0,-121.0,8505.42857142857,8448.285714285714,-1.3353286520087493,131.26164347442597,0,0,0,1.5353982300884956,-33630.0,38.4707500794984,HHS,61.5292499205016
2024-02-12,213.0,430.0,440.0,8092,234.0,8522.0,206.0,8510.714285714286,8459.785714285714,-0.5716952514292384,131.04670196241625,0,0,0,0.5318181818181819,-33424.0,47.575472215955784,HHS,52.424527784044216
2024-02-13,227.0,369.0,349.0,8348,160.0,8717.0,189.0,8564.0,8481.857142857143,2.2881952593287957,127.7523646225576,0,0,0,0.4584527220630373,-33235.0,49.92083496836983,HHS,50.07916503163017
2024-02-14,185.0,322.0,272.0,8512,230.0,8834.0,42.0,8634.857142857143,8515.07142857143,1.3422048870024073,118.74542597702222,0,0,0,0.8455882352941176,-33193.0,42.446901516379235,HHS,57.553098483620765
2024-02-15,333.0,508.0,272.0,8463,312.0,8971.0,-40.0,8702.142857142857,8565.785714285714,1.5508263527280963,156.90594695697305,0,0,0,1.1470588235294117,-33233.0,41.46122948026375,HHS,58.53877051973625
2024-02-19,249.0,420.0,371.0,8380,218.0,8800.0,153.0,8728.857142857143,8599.42857142857,-1.9061420131535,155.10795012011613,0,0,0,0.5876010781671159,-33080.0,48.76718610609779,HHS,51.23281389390221
2024-02-20,149.0,395.0,273.0,8488,192.0,8883.0,81.0,8756.857142857143,8635.357142857143,0.9431818181818264,163.743120538842,0,0,0,0.7032967032967034,-32999.0,47.19544084086961,HHS,52.80455915913039
2024-02-21,232.0,430.0,318.0,8573,231.0,9003.0,87.0,8818.57142857143,8662.0,1.3508949679162496,163.42873792861684,0,0,0,0.7264150943396226,-32912.0,47.33628739923921,HHS,52.66371260076079
2024-02-22,165.0,400.0,292.0,8607,293.0,9007.0,-1.0,8887.857142857143,8699.285714285714,0.0444296345662564,111.20615776025,1,0,1,1.0034246575342465,-32913.0,39.96820054973115,HHS,60.03179945026885
2024-02-25,244.0,482.0,366.0,8404,329.0,8886.0,37.0,8912.0,8738.0,-1.3433995781059194,82.59539938754499,0,0,0,0.8989071038251366,-32876.0,40.31999574248236,HHS,59.68000425751764
2024-02-26,199.0,438.0,326.0,8404,329.0,8842.0,-3.0,8913.142857142857,8774.0,-0.4951609273013746,81.3826938429229,0,0,0,1.00920245398773,-32879.0,38.02821444775466,HHS,61.97178555224534
2024-02-27,197.0,369.0,306.0,8650,206.0,9019.0,100.0,8920.0,8811.07142857143,2.0018095453517404,88.75809822201049,1,0,1,0.673202614379085,-32779.0,45.74164583823169,HHS,54.25835416176831
2024-02-28,209.0,447.0,274.0,8699,257.0,9146.0,17.0,8969.42857142857,8849.142857142857,1.4081383745426337,105.54755191037736,1,0,1,0.937956204379562,-32762.0,41.713462000990646,HHS,58.286537999009354
2024-02-29,262.0,444.0,354.0,8724,299.0,9168.0,55.0,9010.142857142857,8883.5,0.2405423135797058,120.5534854623914,1,0,1,0.844632768361582,-32707.0,44.243443008749615,HHS,55.756556991250385
2024-03-03,236.0,468.0,347.0,8594,354.0,9062.0,-7.0,9018.57142857143,8918.57142857143,-1.1561954624781825,122.02439256534146,1,0,1,1.020172910662824,-32714.0,40.6470566633035,HHS,59.3529433366965
2024-03-04,225.0,509.0,340.0,8660,229.0,9169.0,111.0,9041.714285714286,8964.785714285714,1.1807548002648494,134.2171304089994,1,0,1,0.6735294117647059,-32603.0,48.17217045357185,HHS,51.82782954642815
2024-03-05,246.0,472.0,345.0,8800,214.0,9272.0,131.0,9096.857142857143,9004.42857142857,1.12335041989311,138.79532721648573,1,0,1,0.6202898550724638,-32472.0,49.93267268340287,HHS,50.06732731659713
2024-03-06,230.0,457.0,277.0,8870,232.0,9327.0,45.0,9166.142857142857,9039.642857142857,0.5931837791199213,108.00837710010356,1,0,1,0.8375451263537906,-32427.0,44.73926463915959,HHS,55.26073536084041
2024-03-07,181.0,424.0,328.0,8902,305.0,9326.0,23.0,9210.0,9065.0,-0.0107215610592903,100.36101500743214,1,0,1,0.929878048780488,-32404.0,42.60677938474373,HHS,57.39322061525627
2024-03-10,190.0,368.0,326.0,8714,373.0,9082.0,-47.0,9200.857142857143,9085.142857142857,-2.6163414111087246,109.64857283064931,1,0,1,1.1441717791411044,-32451.0,40.29524919316394,HHS,59.70475080683606
2024-03-11,178.0,336.0,290.0,8757,253.0,9093.0,37.0,9190.142857142857,9100.142857142857,0.1211186963223864,116.82383970662072,1,0,1,0.8724137931034482,-32414.0,43.166700931601746,HHS,56.833299068398254
2024-03-12,154.0,294.0,290.0,8843,213.0,9137.0,77.0,9200.857142857143,9109.714285714286,0.4838887055977015,106.05569067144968,1,0,1,0.7344827586206897,-32337.0,45.75547608567557,HHS,54.24452391432443
2024-03-13,165.0,358.0,167.0,8819,239.0,9177.0,-72.0,9202.0,9121.857142857143,0.4377804531027651,105.69768209373704,1,0,1,1.4311377245508985,-32409.0,40.63690823822416,HHS,59.36309176177584
2024-03-14,166.0,301.0,252.0,8695,310.0,8996.0,-58.0,9162.57142857143,9129.714285714286,-1.9723221096218824,124.95713550763966,0,0,0,1.2301587301587302,-32467.0,40.41659108807675,HHS,59.58340891192325
2024-03-17,127.0,260.0,259.0,8373,342.0,8633.0,-83.0,9063.42857142857,9114.785714285714,-4.035126722987991,215.36392234450173,0,0,0,1.3204633204633205,-32550.0,41.87542888203109,HHS,58.12457111796891
2024-03-18,123.0,243.0,188.0,8333,283.0,8576.0,-95.0,8956.285714285714,9083.142857142857,-0.6602571527858259,247.1758579673488,0,1,1,1.50531914893617,-32645.0,42.75110868780187,HHS,57.24889131219813
2024-03-19,99.0,202.0,256.0,8390,197.0,8592.0,59.0,8886.285714285714,9043.57142857143,0.1865671641791078,273.610254611486,0,1,1,0.76953125,-32586.0,48.41275111088896,HHS,51.58724888911104
2024-03-20,91.0,181.0,174.0,8365,227.0,8546.0,-53.0,8808.142857142857,8999.142857142857,-0.5353817504655467,282.6938441561841,0,1,1,1.3045977011494252,-32639.0,43.90114235217514,HHS,56.09885764782486
2024-03-21,132.0,261.0,141.0,8292,235.0,8553.0,-94.0,8724.714285714286,8962.785714285714,0.0819096653405182,254.2057659231268,0,1,1,1.6666666666666667,-32733.0,42.89132042005719,HHS,57.10867957994281
2024-03-24,124.0,264.0,221.0,7899,373.0,8163.0,-152.0,8579.857142857143,8890.92857142857,-4.559803577692034,242.14281500208975,0,1,1,1.6877828054298645,-32885.0,40.450587267611105,HHS,59.549412732388895
2024-03-25,128.0,242.0,224.0,7899,229.0,8141.0,-5.0,8457.714285714286,8810.142857142857,-0.2695087590346645,210.8662406089835,0,0,0,1.0223214285714286,-32890.0,39.18984530113004,HHS,60.81015469886996
2024-03-26,187.0,276.0,200.0,7919,208.0,8195.0,-8.0,8395.142857142857,8729.285714285714,0.6633091757769272,215.12587677250173,0,0,0,1.04,-32898.0,39.6228387290322,HHS,60.3771612709678
2024-03-27,129.0,287.0,185.0,7893,215.0,8180.0,-30.0,8338.57142857143,8647.42857142857,-0.1830384380719918,211.67967714043985,0,0,0,1.162162162162162,-32928.0,39.41949836124202,HHS,60.58050163875798
2024-03-28,161.0,288.0,248.0,7762,360.0,8050.0,-112.0,8261.142857142857,8573.714285714286,-1.58924205378973,202.4561092940189,0,0,0,1.4516129032258065,-33040.0,38.41495473613927,HHS,61.58504526386073
2024-03-31,105.0,254.0,151.0,7257,287.0,7511.0,-136.0,8113.285714285715,8460.714285714286,-6.695652173913047,309.4267356934444,0,1,1,1.900662251655629,-33176.0,39.58014500882875,HHS,60.41985499117125
2024-04-01,109.0,235.0,171.0,7271,172.0,7506.0,-1.0,7963.714285714285,8344.214285714286,-0.0665690320862721,314.4612929470036,0,1,1,1.0058479532163742,-33177.0,39.739328569819975,HHS,60.260671430180025
2024-04-02,101.0,230.0,175.0,7340,132.0,7570.0,43.0,7879.0,8229.42857142857,0.8526512123634422,331.25418236352897,0,1,1,0.7542857142857143,-33134.0,45.59788245697477,HHS,54.40211754302523
2024-04-03,124.0,230.0,190.0,7346,163.0,7576.0,27.0,7798.285714285715,8128.0,0.0792602377807094,325.56039597679654,0,1,1,0.8578947368421053,-33107.0,43.347443749897856,HHS,56.652556250102144
2024-04-04,95.0,226.0,152.0,7317,225.0,7543.0,-73.0,7705.142857142857,8050.142857142857,-0.4355860612460405,283.7242960877229,0,1,1,1.480263157894737,-33180.0,38.80064641928089,HHS,61.19935358071911
2024-04-07,106.0,239.0,233.0,6982,279.0,7221.0,-46.0,7568.142857142857,7953.357142857143,-4.268858544345755,245.12542950594627,0,1,1,1.1974248927038629,-33226.0,35.7342473584695,HHS,64.2657526415305
2024-04-08,102.0,230.0,167.0,6988,199.0,7218.0,-32.0,7449.285714285715,7855.214285714285,-0.0415454923140878,159.1872213105389,0,0,0,1.1916167664670658,-33258.0,32.56443308479656,HHS,67.43556691520344
2024-04-09,118.0,231.0,217.0,7043,130.0,7274.0,87.0,7415.428571428572,7764.357142857143,0.775838182321964,168.78769420276157,0,0,0,0.5990783410138248,-33171.0,41.222146194838416,HHS,58.777853805161584
2024-04-10,117.0,244.0,142.0,6999,227.0,7243.0,-85.0,7377.857142857143,7670.785714285715,-0.426175419301622,174.4433323187665,0,0,0,1.5985915492957747,-33256.0,33.252497231233924,HHS,66.74750276876608
2024-04-11,183.0,221.0,220.0,6912,285.0,7133.0,-65.0,7315.428571428572,7597.214285714285,-1.518707717796497,172.40345814673233,0,0,0,1.2954545454545454,-33321.0,32.61409707783752,HHS,67.38590292216247
2024-04-14,128.0,245.0,243.0,6630,290.0,6875.0,-47.0,7215.285714285715,7506.785714285715,-3.6169914481985144,197.57590464233783,0,0,0,1.1934156378600822,-33368.0,32.216354870141814,HHS,67.78364512985819
2024-04-15,144.0,303.0,176.0,6681,191.0,6984.0,-15.0,7135.428571428572,7420.285714285715,1.5854545454545566,150.37381990986995,0,0,0,1.0852272727272727,-33383.0,31.04215813231807,HHS,68.95784186768194
2024-04-16,219.0,392.0,205.0,6685,163.0,7077.0,42.0,7114.857142857143,7341.5,1.3316151202749094,146.51669821949713,0,0,0,0.7951219512195122,-33341.0,35.47457413529903,HHS,64.52542586470096
2024-04-17,182.0,371.0,274.0,6725,227.0,7096.0,47.0,7097.428571428572,7273.357142857143,0.2684753426593245,139.28012198785856,0,0,0,0.8284671532846716,-33294.0,34.6393805986171,HHS,65.3606194013829
2024-04-18,144.0,322.0,258.0,6728,260.0,7050.0,-2.0,7065.428571428572,7240.428571428572,-0.6482525366403591,115.68471109421864,0,0,0,1.007751937984496,-33296.0,30.10697544669423,HHS,69.89302455330576
2024-04-21,208.0,380.0,343.0,6745,240.0,7125.0,103.0,7048.571428571428,7213.214285714285,1.0638297872340496,91.5839453595418,0,0,0,0.6997084548104956,-33193.0,35.61238564165325,HHS,64.38761435834675
2024-04-22,176.0,424.0,251.0,6799,214.0,7223.0,37.0,7061.428571428572,7188.428571428572,1.3754385964912297,109.89822131235556,0,0,0,0.852589641434263,-33156.0,33.72905438076495,HHS,66.27094561923505
2024-04-23,252.0,427.0,307.0,6967,134.0,7394.0,173.0,7135.571428571428,7175.428571428572,2.367437352900459,135.29825958828587,0,0,0,0.4364820846905538,-32983.0,43.85956318698593,HHS,56.14043681301407
2024-04-24,253.0,411.0,307.0,7128,154.0,7539.0,153.0,7214.857142857143,7175.142857142857,1.9610494995942584,185.1174659249525,0,0,0,0.501628664495114,-32830.0,45.128121827943986,HHS,54.871878172056014
2024-04-25,145.0,357.0,333.0,7209,217.0,7566.0,116.0,7284.714285714285,7199.785714285715,0.3581376840429806,214.3779484039909,0,0,0,0.6516516516516516,-32714.0,43.34001619304337,HHS,56.65998380695663
2024-04-28,158.0,349.0,365.0,7298,250.0,7647.0,115.0,7363.428571428572,7230.428571428572,1.0705789056304482,233.8139268327516,0,0,0,0.684931506849315,-32599.0,43.80279457586195,HHS,56.19720542413805
2024-04-29,140.0,292.0,255.0,7373,187.0,7665.0,68.0,7451.285714285715,7258.357142857143,0.2353864260494331,210.827507918764,0,0,0,0.7333333333333333,-32531.0,42.08323232327618,HHS,57.91676767672382
2024-04-30,220.0,443.0,194.0,7431,135.0,7874.0,59.0,7558.285714285715,7303.428571428572,2.726679712981084,207.6741953844272,0,0,0,0.6958762886597938,-32472.0,43.78732453802652,HHS,56.21267546197348
2024-05-01,197.0,437.0,295.0,7508,190.0,7945.0,105.0,7661.428571428572,7361.428571428572,0.9017018034036096,192.1083523629731,0,0,0,0.6440677966101694,-32367.0,44.61586449681844,HHS,55.38413550318156
2024-05-02,206.0,411.0,293.0,7577,194.0,7988.0,99.0,7746.285714285715,7440.928571428572,0.5412208936437901,185.3642488774503,0,0,0,0.6621160409556314,-32268.0,44.2276376247885,HHS,55.7723623752115
2024-05-05,150.0,315.0,228.0,7447,332.0,7762.0,-104.0,7778.142857142857,7496.5,-2.829243865798703,161.4181201842156,0,0,0,1.456140350877193,-32372.0,35.4332056411857,HHS,64.56679435881429
2024-05-06,173.0,337.0,211.0,7449,205.0,7786.0,6.0,7809.571428571428,7547.142857142857,0.3091986601391427,131.95814632279644,0,0,0,0.971563981042654,-32366.0,35.04351987890857,HHS,64.95648012109143
2024-05-07,176.0,334.0,246.0,7566,163.0,7900.0,83.0,7845.714285714285,7604.571428571428,1.4641664526072518,113.34418715532227,0,0,0,0.6626016260162602,-32283.0,41.12353991808192,HHS,58.87646008191808
2024-05-08,167.0,374.0,205.0,7583,202.0,7957.0,3.0,7887.428571428572,7669.357142857143,0.7215189873417627,86.2435642871289,0,0,0,0.9853658536585366,-32280.0,33.96550887118922,HHS,66.03449112881077
2024-05-09,138.0,285.0,268.0,7570,244.0,7855.0,24.0,7884.714285714285,7721.5,-1.2818901596078902,87.03201381426948,0,0,0,0.9104477611940298,-32256.0,34.970270542749226,HHS,65.02972945725077
2024-05-12,138.0,301.0,263.0,7464,245.0,7765.0,18.0,7859.0,7760.214285714285,-1.145767027371103,92.6606712688605,0,0,0,0.9315589353612168,-32238.0,34.29358682577484,HHS,65.70641317422516
2024-05-13,112.0,331.0,167.0,7499,157.0,7830.0,10.0,7836.428571428572,7791.357142857143,0.8370895041854398,73.20031225535577,0,0,0,0.940119760479042,-32228.0,33.74105074326963,HHS,66.25894925673038
2024-05-14,246.0,419.0,218.0,7546,186.0,7965.0,32.0,7865.428571428572,7821.785714285715,1.724137931034475,78.79690590973846,0,0,0,0.8532110091743119,-32196.0,36.3762525372229,HHS,63.6237474627771
2024-05-15,115.0,285.0,341.0,7589,265.0,7874.0,76.0,7878.0,7843.785714285715,-1.1424984306340202,70.60689295903833,0,0,0,0.7771260997067448,-32120.0,37.1311398199899,HHS,62.8688601800101
2024-05-16,206.0,340.0,214.0,7565,234.0,7905.0,-20.0,7878.714285714285,7862.214285714285,0.3937007874015741,70.89126482555656,0,0,0,1.0934579439252337,-32140.0,32.84291143516388,HHS,67.15708856483613
2024-05-19,143.0,295.0,278.0,7356,298.0,7651.0,-20.0,7835.0,7861.214285714285,-3.213156230234026,102.06370559604322,0,0,0,1.0719424460431657,-32160.0,32.68589664963098,HHS,67.31410335036901
2024-05-20,111.0,268.0,217.0,7368,192.0,7636.0,25.0,7803.714285714285,7844.214285714285,-0.1960528035550912,125.73214158904334,0,0,0,0.8847926267281107,-32135.0,35.78197278990138,HHS,64.21802721009863
2024-05-21,196.0,348.0,176.0,7404,145.0,7752.0,31.0,7801.857142857143,7830.428571428572,1.5191199580932402,126.4929887008446,0,0,0,0.8238636363636364,-32104.0,37.62274252467823,HHS,62.37725747532177
2024-05-22,168.0,349.0,272.0,7474,208.0,7823.0,64.0,7800.857142857143,7818.642857142857,0.9158926728586092,126.26087883349038,0,0,0,0.7647058823529411,-32040.0,39.16110729491168,HHS,60.83889270508832
2024-05-23,193.0,272.0,314.0,7494,227.0,7766.0,87.0,7772.428571428572,7818.928571428572,-0.7286207337338646,103.49373111907892,0,0,0,0.7229299363057324,-31953.0,38.86892774387859,HHS,61.13107225612141
2024-05-27,156.0,344.0,252.0,7365,167.0,7709.0,85.0,7748.857142857143,7813.428571428572,-0.7339685809940821,94.94108448825172,0,0,0,0.6626984126984127,-31868.0,39.46761681577997,HHS,60.53238318422003
2024-05-28,153.0,348.0,239.0,7418,151.0,7766.0,88.0,7729.0,7803.857142857143,0.7393955117395157,67.37457482855959,0,0,0,0.6317991631799164,-31780.0,39.3657544848094,HHS,60.6342455151906
2024-05-29,182.0,462.0,158.0,7491,141.0,7953.0,17.0,7772.142857142857,7803.571428571428,2.4079320113314484,98.57218771272126,0,0,0,0.8924050632911392,-31763.0,36.256766975414514,HHS,63.743233024585486
2024-05-30,167.0,406.0,339.0,7563,190.0,7969.0,149.0,7819.714285714285,7811.714285714285,0.2011819439205364,102.20520907419773,0,0,0,0.56047197640118,-31614.0,43.11074950489997,HHS,56.88925049510003
2024-06-02,159.0,330.0,322.0,7546,306.0,7876.0,16.0,7837.428571428572,7819.642857142857,-1.1670222110678918,99.21501422473678,0,0,0,0.9503105590062112,-31598.0,34.727785419631076,HHS,65.27221458036892
2024-06-03,109.0,244.0,257.0,7596,224.0,7840.0,33.0,7839.857142857143,7820.357142857143,-0.4570848146267181,99.01082191931609,0,0,0,0.8715953307392996,-31565.0,36.11016867851682,HHS,63.88983132148318
2024-06-04,260.0,356.0,176.0,7565,203.0,7921.0,-27.0,7862.0,7817.214285714285,1.033163265306114,97.05324998849316,0,0,0,1.1534090909090908,-31592.0,33.88517973018437,HHS,66.11482026981562
2024-06-05,173.0,345.0,291.0,7691,198.0,8036.0,93.0,7908.714285714285,7828.785714285715,1.4518368892816549,89.54275382129082,0,0,0,0.6804123711340206,-31499.0,40.59039159346423,HHS,59.40960840653577
2024-06-06,179.0,326.0,282.0,7741,238.0,8067.0,44.0,7951.714285714285,7840.357142857143,0.3857640617222602,81.49788194732564,0,0,0,0.8439716312056738,-31455.0,37.18272302967361,HHS,62.81727697032639
2024-06-09,116.0,289.0,166.0,7451,312.0,7740.0,-146.0,7921.285714285715,7846.714285714285,-4.0535515061361105,114.15736840826467,0,0,0,1.879518072289157,-31601.0,33.5857489151586,HHS,66.4142510848414
2024-06-10,184.0,334.0,229.0,7439,212.0,7773.0,17.0,7893.285714285715,7856.5,0.426356589147292,124.10709660840094,0,0,0,0.925764192139738,-31584.0,35.604736889209995,HHS,64.39526311079001
2024-06-11,186.0,352.0,224.0,7493,156.0,7845.0,68.0,7888.857142857143,7863.142857142857,0.9262832883056626,125.37334720933204,0,0,0,0.6964285714285714,-31516.0,40.60678072092568,HHS,59.39321927907432
2024-06-12,152.0,266.0,274.0,7548,212.0,7814.0,62.0,7885.142857142857,7862.5,-0.3951561504142775,127.4302797237443,0,0,0,0.7737226277372263,-31454.0,38.97758982560455,HHS,61.02241017439545
2024-06-13,167.0,293.0,230.0,7544,259.0,7837.0,-29.0,7873.142857142857,7867.571428571428,0.2943434860506855,127.44597361420136,0,0,0,1.126086956521739,-31483.0,34.57044630869744,HHS,65.42955369130256
2024-06-16,204.0,315.0,233.0,7307,294.0,7622.0,-61.0,7814.0,7861.357142857143,-2.7433967079239507,135.10489751792434,0,0,0,1.261802575107296,-31544.0,33.75014012503729,HHS,66.24985987496271
2024-06-17,159.0,310.0,272.0,7318,224.0,7628.0,48.0,7751.285714285715,7851.5,0.0787194961952231,93.60860766279406,0,0,0,0.8235294117647058,-31496.0,35.787127961674344,HHS,64.21287203832566
2024-06-18,160.0,297.0,253.0,7340,214.0,7637.0,39.0,7736.571428571428,7828.928571428572,0.1179863660199176,103.27448401040073,0,0,0,0.8458498023715415,-31457.0,35.741622088701064,HHS,64.25837791129894
2024-06-19,204.0,321.0,246.0,7433,198.0,7754.0,48.0,7733.857142857143,7813.571428571428,1.5320151892104228,102.40349696407664,0,0,0,0.8048780487804879,-31409.0,37.12847198072009,HHS,62.87152801927991
2024-06-20,145.0,247.0,243.0,7431,235.0,7678.0,8.0,7710.0,7799.428571428572,-0.9801392829507316,91.01465083524828,0,0,0,0.9670781893004116,-31401.0,33.07708624654664,HHS,66.92291375345336
2024-06-23,102.0,227.0,201.0,7247,294.0,7474.0,-93.0,7661.428571428572,7773.285714285715,-2.6569419119562343,114.06702290443684,0,0,0,1.462686567164179,-31494.0,32.219727777636834,HHS,67.78027222236317
2024-06-24,116.0,175.0,172.0,7239,202.0,7414.0,-30.0,7601.0,7737.071428571428,-0.8027829810008047,117.54573577972,0,0,0,1.1744186046511629,-31524.0,32.040040264130866,HHS,67.95995973586913
2024-06-25,172.0,263.0,191.0,7239,202.0,7502.0,-11.0,7583.857142857143,7698.928571428572,1.186943620178038,122.61379554168708,0,0,0,1.057591623036649,-31535.0,32.676887993470515,HHS,67.32311200652948
2024-06-26,132.0,235.0,197.0,7268,187.0,7503.0,10.0,7566.0,7658.642857142857,0.0133297787256791,124.20547491956968,0,0,0,0.949238578680203,-31525.0,33.75566350857583,HHS,66.24433649142418
2024-06-27,174.0,208.0,256.0,7248,268.0,7456.0,-12.0,7540.142857142857,7638.357142857143,-0.6264161002265789,125.79139950915622,0,0,0,1.046875,-31537.0,32.557869296449816,HHS,67.44213070355019
2024-06-30,123.0,230.0,167.0,6874,273.0,7104.0,-106.0,7447.285714285715,7590.571428571428,-4.72103004291845,172.75677920678262,0,0,0,1.6347305389221556,-31643.0,32.478500496829376,HHS,67.52149950317062
2024-07-01,123.0,233.0,159.0,6825,229.0,7058.0,-70.0,7358.714285714285,7534.357142857143,-0.6475225225225256,192.5571034660489,0,0,0,1.440251572327044,-31713.0,32.96963489717545,HHS,67.03036510282455
2024-07-02,141.0,232.0,188.0,6823,184.0,7055.0,4.0,7298.857142857143,7480.142857142857,-0.0425049589118708,214.60850291590563,0,0,0,0.9787234042553192,-31709.0,34.18921599946252,HHS,65.81078400053748
2024-07-04,158.0,226.0,191.0,6790,225.0,7016.0,-34.0,7242.0,7421.5,-0.5527994330262187,231.10675743761848,0,0,0,1.1780104712041886,-31743.0,34.16947346295843,HHS,65.83052653704158
2024-07-07,96.0,160.0,233.0,6599,213.0,6759.0,20.0,7135.857142857143,7359.857142857143,-3.6630558722919098,260.54009836710355,0,1,1,0.9141630901287554,-31723.0,35.64999267318322,HHS,64.35000732681678
2024-07-08,141.0,173.0,129.0,6617,123.0,6790.0,6.0,7034.0,7300.0,0.458647728953987,230.75455936267883,0,0,0,0.9534883720930232,-31717.0,33.92899136334931,HHS,66.07100863665069
2024-07-09,116.0,181.0,182.0,6651,130.0,6832.0,52.0,6944.857142857143,7242.5,0.6185567010309256,145.24740797620842,0,0,0,0.7142857142857143,-31665.0,35.78958539165368,HHS,64.21041460834633
2024-07-10,150.0,157.0,201.0,6649,177.0,6806.0,24.0,6902.285714285715,7174.785714285715,-0.3805620608899329,134.0705215992781,0,0,0,0.8805970149253731,-31641.0,31.91990418468248,HHS,68.08009581531752
2024-07-11,80.0,176.0,125.0,6640,197.0,6816.0,-72.0,6867.714285714285,7113.214285714285,0.1469291801351691,117.389258858023,0,0,0,1.576,-31713.0,28.97077203653824,HHS,71.02922796346176
2024-07-14,116.0,188.0,164.0,6308,237.0,6496.0,-73.0,6787.857142857143,7043.357142857143,-4.694835680751175,153.37147558724087,0,0,0,1.445121951219512,-31786.0,28.65218999619379,HHS,71.3478100038062
2024-07-15,105.0,185.0,158.0,6283,171.0,6468.0,-13.0,6709.571428571428,6975.785714285715,-0.4310344827586188,157.3190570601161,0,0,0,1.0822784810126582,-31799.0,28.65364718630013,HHS,71.34635281369987
2024-07-16,136.0,246.0,123.0,6239,173.0,6485.0,-50.0,6670.428571428572,6903.142857142857,0.2628324056895392,175.95440426698875,0,0,0,1.4065040650406504,-31849.0,29.424765873796343,HHS,70.57523412620365
2024-07-17,128.0,228.0,177.0,6228,187.0,6456.0,-10.0,6622.714285714285,6828.357142857143,-0.4471858134155737,183.2600286348248,0,0,0,1.0564971751412429,-31859.0,29.544360339898105,HHS,70.4556396601019
2024-07-21,90.0,196.0,205.0,6058,262.0,6254.0,-57.0,6540.142857142857,6742.5,-3.1288723667905805,202.45528606865724,0,0,0,1.278048780487805,-31916.0,29.2141048467224,HHS,70.78589515327761
2024-07-22,102.0,189.0,155.0,6002,234.0,6191.0,-79.0,6452.285714285715,6677.285714285715,-1.0073552926127327,201.2947377071013,0,0,0,1.5096774193548388,-31995.0,28.848759889993612,HHS,71.15124011000638
2024-07-23,120.0,257.0,126.0,5965,170.0,6222.0,-44.0,6367.428571428572,6617.571428571428,0.500726861573253,137.51103851795028,0,0,0,1.3492063492063493,-32039.0,26.666328720481076,HHS,73.33367127951892
2024-07-24,137.0,272.0,166.0,5927,177.0,6199.0,-11.0,6325.0,6556.428571428572,-0.3696560591449738,137.0474370427976,0,0,0,1.0662650602409638,-32050.0,26.531483909091985,HHS,73.46851609090801
2024-07-25,93.0,198.0,208.0,5954,194.0,6152.0,14.0,6279.857142857143,6494.714285714285,-0.7581868043232798,134.10621234855554,0,0,0,0.9326923076923076,-32036.0,27.52889855690453,HHS,72.47110144309548
2024-07-28,152.0,290.0,199.0,5743,207.0,6033.0,-8.0,6215.285714285715,6442.857142857143,-1.934330299089726,127.52478750647376,0,0,0,1.0402010050251256,-32044.0,25.331535970493817,HHS,74.66846402950618
2024-07-29,114.0,210.0,219.0,5819,163.0,6029.0,56.0,6154.285714285715,6388.5,-0.0663020056356655,89.71011515935527,0,0,0,0.7442922374429224,-31988.0,29.03717513271132,HHS,70.96282486728867
2024-07-30,125.0,203.0,208.0,5930,92.0,6133.0,116.0,6137.0,6338.571428571428,1.724995853375355,78.2155142325788,0,0,0,0.4423076923076923,-31872.0,35.187732426581825,HHS,64.81226757341818
2024-07-31,140.0,261.0,163.0,5963,154.0,6224.0,9.0,6141.714285714285,6297.0,1.4837762921897868,82.86880049354016,0,0,0,0.9447852760736196,-31863.0,25.775172668752987,HHS,74.22482733124701
2024-08-01,227.0,298.0,212.0,6016,169.0,6314.0,43.0,6154.857142857143,6261.142857142857,1.4460154241645151,102.6570805666918,0,0,0,0.7971698113207547,-31820.0,29.914895582079374,HHS,70.08510441792063
2024-08-04,63.0,167.0,143.0,5943,170.0,6110.0,-27.0,6142.142857142857,6233.571428571428,-3.230915426037373,101.7864243918424,0,0,0,1.1888111888111887,-31847.0,24.781251560536766,HHS,75.21874843946324
2024-08-05,172.0,259.0,138.0,5950,150.0,6209.0,-12.0,6150.285714285715,6215.071428571428,1.6202945990180018,104.93762319542412,0,0,0,1.0869565217391304,-31859.0,25.40409150517521,HHS,74.59590849482478
2024-08-06,163.0,283.0,200.0,5998,143.0,6281.0,57.0,6185.714285714285,6200.5,1.159607022064746,100.51154873232947,0,0,0,0.715,-31802.0,31.310480601070072,HHS,68.68951939892993
2024-08-07,135.0,273.0,207.0,6038,174.0,6311.0,33.0,6226.0,6190.142857142857,0.4776309504855858,82.0487659870638,0,0,0,0.8405797101449275,-31769.0,28.2748805454104,HHS,71.7251194545896
2024-08-08,119.0,230.0,213.0,6084,174.0,6314.0,39.0,6251.857142857143,6194.428571428572,0.0475360481698716,76.16523391379272,0,0,0,0.8169014084507042,-31730.0,28.547854671123464,HHS,71.45214532887654
2024-08-11,95.0,211.0,140.0,5894,249.0,6105.0,-109.0,6234.857142857143,6188.285714285715,-3.3101045296167197,94.49414191971276,0,0,0,1.7785714285714285,-31839.0,24.487966493809793,HHS,75.5120335061902
2024-08-12,109.0,219.0,155.0,5903,148.0,6122.0,7.0,6207.428571428572,6181.142857142857,0.2784602784602796,95.55252856039834,0,0,0,0.9548387096774194,-31832.0,25.517131574070127,HHS,74.48286842592987
2024-08-13,162.0,239.0,189.0,5981,123.0,6220.0,66.0,6223.142857142857,6182.642857142857,1.6007840574975507,85.36085865592133,0,0,0,0.6507936507936508,-31766.0,31.72598678697092,HHS,68.27401321302908
2024-08-14,109.0,226.0,191.0,5987,178.0,6213.0,13.0,6223.714285714285,6187.0,-0.1125401929260472,85.26373649978488,0,0,0,0.9319371727748692,-31753.0,26.0636907285132,HHS,73.9363092714868
2024-08-15,124.0,241.0,156.0,5895,220.0,6136.0,-64.0,6203.0,6194.357142857143,-1.2393368742958266,86.62947920117416,0,0,0,1.4102564102564104,-31817.0,24.358097883576267,HHS,75.64190211642374
2024-08-18,86.0,244.0,235.0,5821,178.0,6065.0,57.0,6167.857142857143,6196.928571428572,-1.1571056062581464,85.40380274794285,0,0,0,0.7574468085106383,-31760.0,28.800442560200125,HHS,71.19955743979988
2024-08-19,176.0,254.0,162.0,5865,158.0,6119.0,4.0,6140.0,6195.928571428572,0.8903544929925733,56.80375574437556,0,0,0,0.9753086419753086,-31756.0,23.670052724813537,HHS,76.32994727518647
2024-08-20,136.0,274.0,245.0,5995,112.0,6269.0,133.0,6163.428571428572,6199.142857142857,2.45138094459878,71.8026395588565,0,0,0,0.4571428571428571,-31623.0,35.352359646314895,HHS,64.6476403536851
2024-08-21,134.0,245.0,167.0,6028,156.0,6273.0,11.0,6185.0,6196.214285714285,0.0638060296697995,79.54663202591706,0,0,0,0.934131736526946,-31612.0,26.11732462874289,HHS,73.88267537125711
2024-08-22,182.0,307.0,205.0,6054,171.0,6361.0,34.0,6205.142857142857,6214.142857142857,1.4028375577873398,103.98466004084196,0,0,0,0.8341463414634146,-31578.0,29.464873762099568,HHS,70.53512623790043
2024-08-27,149.0,285.0,222.0,6152,97.0,6437.0,125.0,6237.142857142857,6230.428571428572,1.1947806948592987,136.26252672865016,0,0,0,0.4369369369369369,-31453.0,38.98319656980999,HHS,61.01680343019001
2024-08-28,170.0,285.0,178.0,6227,134.0,6512.0,44.0,6290.857142857143,6246.928571428572,1.1651390399254336,161.51617934583516,0,0,0,0.7528089887640449,-31409.0,33.976936698107515,HHS,66.02306330189248
2024-08-29,145.0,295.0,188.0,6250,169.0,6545.0,19.0,6359.428571428572,6263.642857142857,0.5067567567567544,151.21051235816444,0,0,0,0.898936170212766,-31390.0,30.845170927392484,HHS,69.15482907260751
2024-09-02,133.0,270.0,198.0,6192,129.0,6462.0,69.0,6408.428571428572,6274.214285714285,-1.268143621084794,110.3749022541737,0,0,0,0.6515151515151515,-31321.0,33.86947564244445,HHS,66.13052435755554
2024-09-03,131.0,263.0,177.0,6272,112.0,6535.0,65.0,6446.428571428572,6304.928571428572,1.1296812132466805,99.63911069932112,0,0,0,0.632768361581921,-31256.0,34.22431919204874,HHS,65.77568080795126
2024-09-04,121.0,231.0,219.0,6375,114.0,6606.0,105.0,6494.0,6339.5,1.0864575363427775,80.73826024051812,0,0,0,0.5205479452054794,-31151.0,36.138682949412605,HHS,63.861317050587395
2024-09-05,126.0,230.0,175.0,6448,121.0,6678.0,54.0,6539.285714285715,6372.214285714285,1.089918256130784,82.58675092634525,0,0,0,0.6914285714285714,-31097.0,33.1577735304084,HHS,66.8422264695916
2024-09-08,123.0,255.0,164.0,6312,221.0,6567.0,-57.0,6557.857142857143,6397.5,-1.6621743036837389,69.29990036410483,0,0,0,1.3475609756097562,-31154.0,25.929990659867094,HHS,74.0700093401329
2024-09-09,144.0,275.0,190.0,6353,141.0,6628.0,49.0,6574.428571428572,6432.642857142857,0.928886858535094,70.36774152704939,0,0,0,0.7421052631578947,-31105.0,31.43958154400811,HHS,68.5604184559919
2024-09-10,131.0,251.0,180.0,6396,148.0,6647.0,32.0,6589.0,6474.214285714285,0.2866626433313257,73.73827590425374,0,0,0,0.8222222222222222,-31073.0,30.05829716710171,HHS,69.94170283289829
2024-09-11,93.0,248.0,175.0,6410,162.0,6658.0,13.0,6617.0,6512.714285714285,0.1654881901609783,51.264022471889554,0,0,0,0.9257142857142856,-31060.0,27.219869050191654,HHS,72.78013094980835
2024-09-12,184.0,280.0,210.0,6360,220.0,6640.0,-10.0,6632.0,6539.214285714285,-0.270351456893958,36.51027252703454,0,0,0,1.0476190476190477,-31070.0,25.100390924655105,HHS,74.8996090753449
2024-09-13,81.0,200.0,212.0,6326,279.0,6526.0,-67.0,6620.571428571428,6557.285714285715,-1.7168674698795128,54.2274750252806,0,0,0,1.3160377358490567,-31137.0,25.166701661261996,HHS,74.833298338738
2024-09-15,98.0,220.0,167.0,6234,210.0,6454.0,-43.0,6588.571428571428,6563.928571428572,-1.1032791909285966,76.2929816406303,0,0,0,1.2574850299401197,-31180.0,25.60778505931271,HHS,74.3922149406873
2024-09-16,113.0,209.0,160.0,6229,164.0,6438.0,-4.0,6570.142857142857,6564.0,-0.2479082739386462,95.527358335059,0,0,0,1.025,-31184.0,26.231834329060668,HHS,73.76816567093934
2024-09-17,159.0,304.0,139.0,6227,160.0,6531.0,-21.0,6556.285714285715,6565.357142857143,1.4445479962721386,92.73027963887192,0,0,0,1.1510791366906474,-31205.0,26.605599264370554,HHS,73.39440073562945
2024-09-18,116.0,213.0,217.0,6245,149.0,6458.0,68.0,6529.285714285715,6559.142857142857,-1.1177461338233052,89.36948451179217,0,0,0,0.6866359447004609,-31137.0,32.37554371035648,HHS,67.62445628964352
2024-09-19,93.0,196.0,169.0,6270,188.0,6466.0,-19.0,6501.857142857143,6559.428571428572,0.1238773614121946,70.82002676132629,0,0,0,1.1124260355029585,-31156.0,25.468370343300723,HHS,74.53162965669928
2024-09-22,124.0,234.0,161.0,5989,197.0,6223.0,-36.0,6442.285714285715,6537.142857142857,-3.7581193937519353,103.22259811641888,0,0,0,1.2236024844720497,-31192.0,25.412861154970233,HHS,74.58713884502977
2024-09-23,92.0,203.0,173.0,6002,165.0,6205.0,8.0,6396.428571428572,6508.5,-0.2892495580909537,128.1312571062117,0,0,0,0.953757225433526,-31184.0,27.15980005865346,HHS,72.84019994134654
2024-09-24,186.0,259.0,172.0,6023,143.0,6282.0,29.0,6371.857142857143,6480.214285714285,1.2409347300563978,131.6933667924927,0,0,0,0.8313953488372093,-31155.0,30.132255500336925,HHS,69.86774449966308
2024-09-25,154.0,225.0,220.0,6050,169.0,6275.0,51.0,6348.571428571428,6459.357142857143,-0.1114294810569904,132.45736061446948,0,0,0,0.7681818181818182,-31104.0,31.388708593166548,HHS,68.61129140683346
2024-09-26,91.0,199.0,172.0,6090,185.0,6289.0,-13.0,6314.0,6435.142857142857,0.223107569721126,105.80800221785074,0,0,0,1.0755813953488371,-31117.0,25.845875678344704,HHS,74.1541243216553
2024-09-29,81.0,213.0,153.0,5925,177.0,6138.0,-24.0,6268.285714285715,6398.785714285715,-2.401017649864845,102.29322930626591,0,0,0,1.156862745098039,-31141.0,24.943296950235013,HHS,75.05670304976499
2024-09-30,209.0,285.0,184.0,5967,138.0,6252.0,46.0,6237.714285714285,6369.785714285715,1.8572825024437911,53.875517896082094,0,0,0,0.75,-31095.0,28.750094208316625,HHS,71.24990579168337
2024-10-01,184.0,314.0,217.0,6040,137.0,6354.0,80.0,6256.428571428572,6349.357142857143,1.6314779270633295,68.6412343101334,0,0,0,0.631336405529954,-31015.0,32.18789704726956,HHS,67.81210295273044
2024-10-02,107.0,215.0,230.0,6091,173.0,6306.0,57.0,6270.857142857143,6333.642857142857,-0.7554296506137814,66.61438426102688,0,0,0,0.7521739130434782,-30958.0,29.45084775750737,HHS,70.54915224249262
2024-10-03,101.0,162.0,178.0,6118,193.0,6280.0,-15.0,6270.571428571428,6321.214285714285,-0.4123057405645447,66.56289542694641,0,0,0,1.0842696629213484,-30973.0,24.359239349388886,HHS,75.64076065061111
2024-10-07,99.0,190.0,176.0,5968,153.0,6158.0,23.0,6253.857142857143,6301.214285714285,-1.942675159235674,78.82560618527349,0,0,0,0.8693181818181818,-30950.0,26.797990424694884,HHS,73.20200957530511
2024-10-08,167.0,239.0,166.0,6013,123.0,6252.0,43.0,6248.571428571428,6281.285714285715,1.526469632997718,77.30212835115674,0,0,0,0.7409638554216867,-30907.0,29.790713595706286,HHS,70.20928640429372
2024-10-09,115.0,216.0,169.0,6047,137.0,6263.0,32.0,6266.428571428572,6267.357142857143,0.175943698016634,60.00515850840332,0,0,0,0.8106508875739645,-30875.0,27.81842332950566,HHS,72.18157667049434
2024-10-10,84.0,158.0,193.0,6075,159.0,6233.0,34.0,6263.714285714285,6250.714285714285,-0.4790036723614888,61.184731989042845,0,0,0,0.8238341968911918,-30841.0,27.444366009139404,HHS,72.5556339908606
2024-10-13,130.0,227.0,192.0,5889,210.0,6116.0,-18.0,6229.714285714285,6243.071428571428,-1.8771057275790204,68.35864804035063,0,0,0,1.09375,-30859.0,23.58499025922044,HHS,76.41500974077957
2024-10-14,88.0,214.0,160.0,5935,106.0,6149.0,54.0,6207.285714285715,6239.071428571428,0.5395683453237377,64.82210087543177,0,0,0,0.6625,-30805.0,30.374235236807905,HHS,69.6257647631921
2024-10-15,113.0,208.0,159.0,6013,107.0,6221.0,52.0,6198.857142857143,6234.714285714285,1.170922101154659,57.17641871561031,0,0,0,0.6729559748427673,-30753.0,30.25332600747399,HHS,69.74667399252601
2024-10-16,174.0,285.0,150.0,6036,129.0,6321.0,21.0,6222.142857142857,6238.0,1.6074586079408482,69.60466596291744,0,0,0,0.86,-30732.0,27.480931475613612,HHS,72.51906852438638
2024-10-17,104.0,230.0,206.0,6076,160.0,6306.0,46.0,6229.857142857143,6239.214285714285,-0.237304224015189,76.14991479843732,0,0,0,0.7766990291262136,-30686.0,29.310356348044188,HHS,70.6896436519558
2024-10-20,147.0,276.0,214.0,5918,195.0,6194.0,19.0,6220.0,6243.214285714285,-1.776086267047261,75.60864148142375,0,0,0,0.911214953271028,-30667.0,26.026399410393942,HHS,73.97360058960606
2024-10-21,108.0,220.0,213.0,5966,154.0,6186.0,59.0,6213.285714285715,6238.5,-0.1291572489505954,76.34508123364124,0,0,0,0.7230046948356808,-30608.0,29.77665270910358,HHS,70.22334729089641
2024-10-22,180.0,280.0,146.0,6043,109.0,6323.0,37.0,6242.857142857143,6236.285714285715,2.2146783058519137,72.36810662952634,0,0,0,0.7465753424657534,-30571.0,29.86110530230228,HHS,70.13889469769772
2024-10-23,134.0,294.0,186.0,6077,138.0,6371.0,48.0,6274.571428571428,6240.928571428572,0.7591333227898067,73.022501424459,0,0,0,0.7419354838709677,-30523.0,30.22382431023807,HHS,69.77617568976193
2024-10-27,202.0,313.0,158.0,5974,192.0,6287.0,-34.0,6284.0,6241.428571428572,-1.318474336838804,69.10861017267914,0,0,0,1.2151898734177216,-30557.0,24.488542938043388,HHS,75.5114570619566
2024-10-28,110.0,272.0,193.0,6008,156.0,6280.0,37.0,6278.142857142857,6250.142857142857,-0.1113408620963873,67.16007884506658,0,0,0,0.8082901554404145,-30520.0,28.21535643810939,HHS,71.78464356189062
2024-10-29,166.0,277.0,229.0,6106,126.0,6383.0,103.0,6289.142857142857,6259.5,1.6401273885350287,77.92609441307512,0,0,0,0.5502183406113537,-30417.0,34.29963372977881,HHS,65.7003662702212
2024-10-30,136.0,276.0,178.0,6149,160.0,6425.0,18.0,6322.142857142857,6271.071428571428,0.6579978066739711,79.80899817987513,0,0,0,0.898876404494382,-30399.0,27.61075019855533,HHS,72.38924980144466
2024-10-31,87.0,246.0,173.0,6148,177.0,6394.0,-4.0,6351.857142857143,6282.571428571428,-0.4824902723735369,55.774631543457915,0,0,0,1.023121387283237,-30403.0,24.547262036135383,HHS,75.45273796386462
2024-11-03,84.0,171.0,157.0,5990,184.0,6161.0,-27.0,6328.714285714285,6285.785714285715,-3.6440412887081663,91.75095691728312,0,0,0,1.1719745222929936,-30430.0,24.674160469179196,HHS,75.3258395308208
2024-11-04,167.0,209.0,157.0,6007,132.0,6216.0,25.0,6306.571428571428,6290.571428571428,0.8927122220418804,98.31388023884598,0,0,0,0.8407643312101911,-30405.0,28.381534616488292,HHS,71.6184653835117
2024-11-05,109.0,245.0,159.0,6045,126.0,6290.0,33.0,6307.0,6295.5,1.1904761904761862,98.22083960816276,0,0,0,0.7924528301886793,-30372.0,29.72344785083556,HHS,70.27655214916444
2024-11-06,156.0,256.0,176.0,6086,137.0,6342.0,39.0,6315.857142857143,6297.0,0.8267090620031725,98.17574135434516,0,0,0,0.7784090909090909,-30333.0,30.269060703830693,HHS,69.73093929616931
2024-11-07,125.0,232.0,192.0,6084,177.0,6316.0,15.0,6306.285714285715,6297.714285714285,-0.409965310627558,93.70292468881216,0,0,0,0.921875,-30318.0,27.10236671962878,HHS,72.89763328037122
2024-11-11,118.0,139.0,168.0,5963,145.0,6102.0,23.0,6260.142857142857,6291.142857142857,-3.3882203926535737,104.41651940094918,0,0,0,0.8630952380952381,-30295.0,27.574903384534423,HHS,72.42509661546558
2024-11-12,142.0,235.0,139.0,5975,138.0,6210.0,1.0,6233.857142857143,6292.857142857143,1.7699115044247815,86.77255436182311,0,0,0,0.9928057553956836,-30294.0,24.886332849088152,HHS,75.11366715091185
2024-11-13,148.0,245.0,175.0,5966,151.0,6211.0,24.0,6241.0,6284.857142857143,0.0161030595813294,81.6843518266055,0,0,0,0.8628571428571429,-30270.0,27.303660633409123,HHS,72.69633936659088
2024-11-14,119.0,219.0,210.0,6025,172.0,6244.0,38.0,6245.0,6275.785714285715,0.5313154081468374,80.93824806603686,0,0,0,0.819047619047619,-30232.0,28.32152202327353,HHS,71.67847797672647
2024-11-17,105.0,210.0,149.0,5816,195.0,6026.0,-46.0,6207.285714285715,6257.142857142857,-3.49135169762973,112.01594274285638,0,0,0,1.308724832214765,-30278.0,24.72640810078685,HHS,75.27359189921316
2024-11-18,143.0,203.0,163.0,5819,138.0,6022.0,25.0,6161.571428571428,6238.714285714285,-0.0663790242283468,113.1663335432347,0,0,0,0.8466257668711656,-30253.0,27.815627172023184,HHS,72.18437282797682
2024-11-19,119.0,209.0,152.0,5844,146.0,6053.0,6.0,6124.0,6215.142857142857,0.5147791431418192,95.65388997143,0,0,0,0.9605263157894736,-30247.0,25.053616414336744,HHS,74.94638358566326
2024-11-20,155.0,212.0,181.0,5879,148.0,6091.0,33.0,6122.428571428572,6191.285714285715,0.6277878737815934,96.16454152970742,0,0,0,0.8176795580110497,-30214.0,28.12396766259987,HHS,71.87603233740013
2024-11-21,109.0,214.0,173.0,5850,210.0,6064.0,-37.0,6101.571428571428,6167.714285714285,-0.4432769660154378,89.61558112824049,0,0,0,1.213872832369942,-30251.0,24.098853196805923,HHS,75.90114680319408
2024-11-24,191.0,283.0,192.0,5664,207.0,5947.0,-15.0,6063.857142857143,6152.428571428572,-1.9294195250659671,91.42105623875482,0,0,0,1.078125,-30266.0,23.565739668863923,HHS,76.43426033113607
2024-11-25,170.0,297.0,196.0,5715,129.0,6012.0,67.0,6030.714285714285,6137.857142857143,1.0929880612073228,45.99896479166645,0,0,0,0.6581632653061225,-30199.0,29.06820417166446,HHS,70.93179582833554
2024-11-26,152.0,272.0,214.0,5826,112.0,6098.0,102.0,6041.0,6124.142857142857,1.4304723885562254,52.37683966538532,0,0,0,0.5233644859813084,-30097.0,32.43885962202987,HHS,67.56114037797013
2024-11-27,239.0,367.0,224.0,5862,211.0,6229.0,13.0,6070.571428571428,6116.071428571428,2.1482453263365064,86.91155876877951,0,0,0,0.9419642857142856,-30084.0,26.005600600090684,HHS,73.99439939990931
2024-11-28,113.0,280.0,237.0,5963,143.0,6243.0,94.0,6097.714285714285,6110.857142857143,0.224755177396041,107.6935688047554,0,0,0,0.6033755274261603,-29990.0,33.611920945526364,HHS,66.38807905447364
2024-12-01,196.0,306.0,187.0,5986,149.0,6292.0,38.0,6126.428571428572,6124.428571428572,0.7848790645522907,130.0754359885783,0,0,0,0.7967914438502673,-29952.0,30.816175386286893,HHS,69.18382461371311
2024-12-02,236.0,330.0,222.0,6061,115.0,6391.0,107.0,6173.142857142857,6137.357142857143,1.573426573426584,159.3438928559097,0,0,0,0.5180180180180181,-29845.0,37.97314317784782,HHS,62.02685682215218
2024-12-03,81.0,230.0,242.0,6192,107.0,6422.0,135.0,6241.0,6152.428571428572,0.4850571115631252,147.70466027402713,0,0,0,0.4421487603305785,-29710.0,39.222110467515435,HHS,60.777889532484565
2024-12-04,118.0,245.0,160.0,6269,115.0,6514.0,45.0,6312.714285714285,6171.714285714285,1.4325755216443523,139.634898080328,0,0,0,0.71875,-29665.0,33.86518868840251,HHS,66.13481131159749
2024-12-05,218.0,283.0,208.0,6310,150.0,6593.0,58.0,6383.428571428572,6212.214285714285,1.2127724900214965,138.10727369555016,0,0,0,0.7211538461538461,-29607.0,34.165751942941604,HHS,65.8342480570584
2024-12-08,132.0,243.0,183.0,6286,172.0,6529.0,11.0,6426.285714285715,6248.428571428572,-0.9707265281359012,128.40523650499276,0,0,0,0.9398907103825136,-29596.0,29.10702310525193,HHS,70.89297689474807
2024-12-09,224.0,315.0,152.0,6268,174.0,6583.0,-22.0,6474.857142857143,6286.285714285715,0.8270791851738402,110.58846921721832,0,0,0,1.144736842105263,-29618.0,27.527494904787673,HHS,72.47250509521233
2024-12-10,167.0,326.0,213.0,6310,149.0,6636.0,64.0,6524.0,6325.214285714285,0.8051040559015732,90.37329989178892,0,0,0,0.6995305164319249,-29554.0,33.06638354036322,HHS,66.93361645963678
2024-12-11,209.0,353.0,232.0,6402,152.0,6755.0,80.0,6576.0,6374.571428571428,1.793248945147674,104.6804661816027,0,0,0,0.6551724137931034,-29474.0,35.08833517883219,HHS,64.91166482116782
2024-12-12,153.0,253.0,286.0,6481,194.0,6734.0,92.0,6620.571428571428,6430.785714285715,-0.3108808290155473,94.06532684407784,0,0,0,0.6783216783216783,-29382.0,34.128128919002485,HHS,65.87187108099752
2024-12-15,180.0,337.0,219.0,6408,224.0,6745.0,-5.0,6653.571428571428,6483.142857142857,0.1633501633501621,90.9136167704434,0,0,0,1.0228310502283104,-29387.0,27.635228364297497,HHS,72.36477163570251
2024-12-16,133.0,287.0,189.0,6454,149.0,6741.0,40.0,6674.714285714285,6529.071428571428,-0.0593031875463334,91.68553918277053,0,0,0,0.7883597883597884,-29347.0,31.87587495589402,HHS,68.12412504410598
2024-12-17,187.0,310.0,247.0,6506,151.0,6816.0,96.0,6715.714285714285,6571.0,1.1125945705384943,78.95085873652802,0,0,0,0.611336032388664,-29251.0,35.33313256920644,HHS,64.66686743079356
2024-12-18,168.0,285.0,210.0,6598,134.0,6883.0,76.0,6758.571428571428,6616.714285714285,0.9829812206572752,76.28205805397064,0,0,0,0.638095238095238,-29175.0,35.0432252381864,HHS,64.95677476181359
2024-12-19,269.0,412.0,204.0,6600,238.0,7012.0,-34.0,6812.285714285715,6668.142857142857,1.8741827691413528,103.21452463309063,0,0,0,1.1666666666666667,-29209.0,29.454573006642143,HHS,70.54542699335786
2024-12-22,100.0,255.0,236.0,6595,268.0,6850.0,-32.0,6825.857142857143,6700.928571428572,-2.310325156873927,100.64033083447671,0,0,0,1.1355932203389831,-29241.0,28.530166689634996,HHS,71.469833310365
2024-12-23,205.0,294.0,177.0,6548,231.0,6842.0,-54.0,6841.285714285715,6730.928571428572,-0.1167883211678821,92.12982558271484,0,0,0,1.305084745762712,-29295.0,28.176796719813048,HHS,71.82320328018696
2024-12-24,161.0,304.0,211.0,6622,155.0,6926.0,56.0,6867.142857142857,6760.357142857143,1.2277111955568465,85.78350379767744,0,0,0,0.7345971563981043,-29239.0,33.682233554100044,HHS,66.31776644589996
2024-12-25,57.0,162.0,193.0,6689,107.0,6851.0,86.0,6882.857142857143,6778.785714285715,-1.082876118971987,66.79927287882266,0,0,0,0.5544041450777202,-29153.0,36.20503782987997,HHS,63.79496217012003
2024-12-26,80.0,122.0,152.0,6707,135.0,6829.0,17.0,6884.714285714285,6800.214285714285,-0.3211210042329604,64.78094958062886,0,0,0,0.8881578947368421,-29136.0,29.34317340119332,HHS,70.65682659880667
2024-12-29,107.0,170.0,133.0,6465,216.0,6635.0,-83.0,6849.285714285715,6803.928571428572,-2.8408258895885163,114.56252191955346,0,0,0,1.6240601503759398,-29219.0,27.939759812662,HHS,72.060240187338
2024-12-30,99.0,156.0,139.0,6454,177.0,6610.0,-38.0,6791.857142857143,6802.071428571428,-0.3767897513187623,120.02975821495244,0,0,0,1.2733812949640289,-29257.0,28.012366261840388,HHS,71.98763373815962
2025-01-01,25.0,66.0,94.0,6405,144.0,6471.0,-50.0,6737.714285714285,6781.785714285715,-2.1028744326777593,166.07800806218194,0,0,0,1.5319148936170213,-29307.0,28.99052184465492,HHS,71.00947815534508
2025-01-02,35.0,70.0,53.0,6292,170.0,6362.0,-117.0,6669.142857142857,6755.214285714285,-1.6844382630196275,209.30952245531964,0,0,0,3.207547169811321,-29424.0,30.018974940744503,HHS,69.9810250592555
2025-01-05,43.0,73.0,64.0,5882,185.0,5955.0,-121.0,6530.428571428572,6698.785714285715,-6.397359320968254,308.81378269266224,0,1,1,2.890625,-29545.0,31.586334498039097,HHS,68.4136655019609
2025-01-06,41.0,60.0,71.0,5769,190.0,5829.0,-119.0,6384.428571428572,6633.642857142857,-2.1158690176322437,367.92655840663554,0,1,1,2.676056338028169,-29664.0,33.11063455570078,HHS,66.88936544429922
2025-01-07,65.0,83.0,65.0,5703,133.0,5786.0,-68.0,6235.428571428572,6560.071428571428,-0.7376908560645101,369.0721958022379,0,1,1,2.046153846153846,-29732.0,32.93239940405298,HHS,67.06760059594703
2025-01-08,38.0,80.0,82.0,5605,184.0,5685.0,-102.0,6099.714285714285,6474.5,-1.7455928102315887,372.3061975872886,0,1,1,2.2439024390243905,-29834.0,32.53368854863543,HHS,67.46631145136456
2025-01-09,56.0,82.0,68.0,5507,164.0,5589.0,-96.0,5953.857142857143,6372.857142857143,-1.6886543535620024,337.43860111701923,0,1,1,2.411764705882353,-29930.0,30.762036267460385,HHS,69.23796373253961
2025-01-12,74.0,103.0,80.0,5092,235.0,5195.0,-155.0,5771.571428571428,6254.642857142857,-7.049561638933621,355.6730039155181,0,1,1,2.9375,-30085.0,29.412905114042697,HHS,70.5870948859573
2025-01-13,68.0,107.0,102.0,5019,181.0,5126.0,-79.0,5595.0,6132.071428571428,-1.3282001924927789,318.573382441163,0,1,1,1.7745098039215683,-30164.0,27.6976438588003,HHS,72.3023561411997
2025-01-14,92.0,124.0,93.0,4957,139.0,5081.0,-46.0,5470.142857142857,6000.285714285715,-0.877877487319545,325.16786873420824,0,1,1,1.4946236559139785,-30210.0,27.7091680978779,HHS,72.29083190212211
2025-01-15,113.0,162.0,107.0,4903,164.0,5065.0,-57.0,5361.0,5872.714285714285,-0.3148986419996058,312.61851086162295,0,1,1,1.5327102803738315,-30267.0,27.16656451228563,HHS,72.83343548771437
2025-01-16,106.0,196.0,131.0,4881,159.0,5077.0,-28.0,5259.714285714285,5747.571428571428,0.2369200394866766,262.86924144000614,0,1,1,1.213740458015267,-30295.0,25.401944656335782,HHS,74.59805534366421
2025-01-19,86.0,152.0,168.0,4628,176.0,4780.0,-8.0,5130.428571428572,5615.071428571428,-5.849911364979321,240.43561656770595,0,1,1,1.0476190476190477,-30303.0,23.056980267576144,HHS,76.94301973242386
2025-01-20,84.0,118.0,136.0,4638,127.0,4756.0,9.0,5011.428571428572,5482.642857142857,-0.5020920502092019,172.06477185726885,0,0,0,0.9338235294117648,-30294.0,21.747940581952623,HHS,78.25205941804737
2025-01-21,59.0,64.0,117.0,4728,54.0,4792.0,63.0,4953.857142857143,5362.714285714285,0.7569386038688064,167.77308939105308,0,0,0,0.4615384615384615,-30231.0,31.22053779461331,HHS,68.7794622053867
2025-01-22,62.0,97.0,52.0,4717,83.0,4814.0,-31.0,4909.285714285715,5252.142857142857,0.4590984974958356,155.4066861343079,0,0,0,1.5961538461538465,-30262.0,20.11009109785353,HHS,79.88990890214647
2025-01-23,91.0,75.0,97.0,4621,174.0,4696.0,-77.0,4854.285714285715,5162.214285714285,-2.451184046530952,152.60921148011067,0,0,0,1.7938144329896908,-30339.0,19.402898876189273,HHS,80.59710112381073
2025-01-26,29.0,51.0,11.0,4241,182.0,4292.0,-171.0,4743.857142857143,5052.428571428572,-8.603066439523,233.14546858950587,0,0,0,5.0,-30510.0,20.289388303621138,HHS,79.71061169637886
2025-01-27,33.0,53.0,34.0,4161,127.0,4214.0,-93.0,4620.571428571428,4940.142857142857,-1.817334575955265,254.79067038315495,0,1,1,3.735294117647059,-30603.0,20.68430629994505,HHS,79.31569370005495
2025-01-28,32.0,49.0,39.0,4096,101.0,4145.0,-62.0,4529.857142857143,4830.142857142857,-1.6373991457047987,297.95325616135716,0,1,1,2.58974358974359,-30665.0,21.91514733704579,HHS,78.0848526629542
2025-01-29,32.0,50.0,39.0,4036,99.0,4086.0,-60.0,4434.142857142857,4722.785714285715,-1.423401688781667,319.99918154659275,0,1,1,2.5384615384615383,-30725.0,22.42211034767763,HHS,77.57788965232237
2025-01-30,47.0,42.0,47.0,3923,159.0,3965.0,-112.0,4316.0,4634.928571428572,-2.961331375428289,318.51896856128843,0,1,1,3.382978723404255,-30837.0,21.74790064283741,HHS,78.25209935716259
2025-02-02,20.0,22.0,41.0,3483,168.0,3505.0,-127.0,4129.0,4519.142857142857,-11.601513240857509,359.0868047329898,0,1,1,4.097560975609756,-30964.0,20.88042510432765,HHS,79.11957489567234
2025-02-03,23.0,45.0,11.0,3403,102.0,3448.0,-91.0,3950.714285714286,4402.5,-1.6262482168330927,339.95868096273244,0,1,1,5.0,-31055.0,19.88630054155062,HHS,80.11369945844937
2025-02-04,34.0,54.0,29.0,3359,74.0,3413.0,-45.0,3825.142857142858,4284.5,-1.0150812064965151,354.897839089636,0,1,1,2.5517241379310347,-31100.0,20.25535357537737,HHS,79.74464642462263
2025-02-05,26.0,36.0,36.0,3290,104.0,3326.0,-68.0,3698.285714285714,4159.428571428572,-2.5490770583064704,351.4255323136362,0,1,1,2.888888888888889,-31168.0,19.68220246048937,HHS,80.31779753951062
2025-02-06,25.0,32.0,27.0,3181,145.0,3213.0,-118.0,3565.1428571428573,4047.5,-3.397474443776305,329.8633194579661,0,1,1,5.0,-31286.0,18.31184704720087,HHS,81.68815295279913
2025-02-09,15.0,13.0,23.0,2878,99.0,2891.0,-76.0,3394.4285714285716,3914.285714285714,-10.02178649237473,324.55911487376056,0,1,1,4.304347826086956,-31362.0,16.46756090094192,HHS,83.53243909905808
2025-02-10,16.0,18.0,15.0,2834,63.0,2852.0,-48.0,3235.4285714285716,3775.714285714286,-1.3490141819439638,265.75104712425866,0,1,1,4.2,-31410.0,14.109158559895665,HHS,85.89084144010434
2025-02-11,11.0,22.0,12.0,2799,50.0,2821.0,-38.0,3137.714285714286,3633.357142857142,-1.0869565217391353,275.6771749019608,0,1,1,4.166666666666667,-31448.0,14.31469524784946,HHS,85.68530475215054
2025-02-12,16.0,20.0,20.0,2752,66.0,2772.0,-46.0,3041.1428571428573,3495.9285714285716,-1.7369727047146457,267.1375604262687,0,1,1,3.3,-31494.0,13.75021581207686,HHS,86.24978418792314
2025-02-13,15.0,10.0,23.0,2703,72.0,2713.0,-49.0,2941.1428571428573,3383.1428571428573,-2.128427128427124,233.6574619476818,0,0,0,3.130434782608696,-31543.0,12.21904217297564,HHS,87.78095782702437
2025-02-17,8.0,17.0,14.0,2532,15.0,2549.0,-1.0,2830.1428571428573,3264.214285714286,-6.044968669369699,202.89112726739225,0,0,0,1.0714285714285714,-31544.0,10.249570034460588,HHS,89.75042996553941
2025-02-18,18.0,19.0,11.0,2536,9.0,2555.0,2.0,2736.1428571428573,3150.6428571428573,0.2353864260494331,137.99810212644397,0,0,0,0.8181818181818182,-31542.0,11.53470984404344,HHS,88.46529015595657
2025-02-19,12.0,17.0,17.0,2528,19.0,2545.0,-2.0,2686.714285714286,3040.5714285714284,-0.3913894324853229,135.2241525342127,0,0,0,1.1176470588235294,-31544.0,7.74529618479426,HHS,92.25470381520574
2025-02-20,13.0,25.0,15.0,2520,32.0,2545.0,-17.0,2642.8571428571427,2939.1428571428573,0.0,121.80096957947856,0,0,0,2.1333333333333333,-31561.0,7.252585213750989,HHS,92.747414786249
2025-02-23,7.0,16.0,8.0,2423,35.0,2439.0,-27.0,2588.285714285714,2863.0,-4.165029469548132,114.00981578470903,0,0,0,4.375,-31588.0,6.4235705576836875,HHS,93.57642944231632
2025-02-24,20.0,22.0,14.0,2413,24.0,2435.0,-10.0,2540.1428571428573,2790.6428571428573,-0.1640016400163979,92.65604598280862,0,0,0,1.7142857142857142,-31598.0,5.619267888531485,HHS,94.38073211146852
2025-02-25,11.0,7.0,7.0,2413,23.0,2420.0,-16.0,2498.285714285714,2719.714285714286,-0.6160164271047264,62.98336893125435,0,0,0,3.2857142857142856,-31614.0,4.4532591879041155,HHS,95.54674081209588
2025-02-26,12.0,21.0,1.0,2411,23.0,2432.0,-22.0,2481.5714285714284,2655.8571428571427,0.4958677685950485,62.80620230235938,0,0,0,5.0,-31636.0,4.5082315245083135,HHS,95.49176847549168
2025-02-27,10.0,15.0,17.0,2391,37.0,2406.0,-20.0,2460.285714285714,2598.214285714286,-1.069078947368418,58.90023849921224,0,0,0,2.176470588235294,-31656.0,4.231662607138857,HHS,95.76833739286114
2025-03-02,12.0,24.0,4.0,2297,31.0,2321.0,-27.0,2428.285714285714,2557.5,-3.5328345802161265,65.66509546121857,0,0,0,5.0,-31683.0,4.0445224343497745,HHS,95.95547756565024
2025-03-03,8.0,29.0,18.0,2287,25.0,2316.0,-7.0,2395.5714285714284,2519.214285714286,-0.2154243860404969,53.79856609903386,0,0,0,1.3888888888888888,-31690.0,3.5833351916194687,HHS,96.41666480838052
2025-03-04,4.0,25.0,10.0,2272,30.0,2297.0,-20.0,2375.285714285714,2481.785714285714,-0.8203799654576849,60.98555644793799,0,0,0,3.0,-31710.0,3.749804588999505,HHS,96.25019541100048
2025-03-05,5.0,20.0,4.0,2238,40.0,2258.0,-36.0,2350.0,2445.0714285714284,-1.6978667827601268,68.34959156200837,0,0,0,5.0,-31746.0,3.8203135700914177,HHS,96.1796864299086
2025-03-06,7.0,27.0,6.0,2218,33.0,2245.0,-27.0,2325.0,2411.6428571428573,-0.5757307351638596,70.4509285486018,0,0,0,5.0,-31773.0,3.8308468249880487,HHS,96.16915317501196
2025-03-09,12.0,25.0,15.0,2137,30.0,2162.0,-15.0,2286.4285714285716,2384.0,-3.697104677060137,75.81305328006611,0,0,0,2.0,-31788.0,3.6024639045548494,HHS,96.39753609544516
2025-03-10,6.0,28.0,8.0,2125,23.0,2153.0,-15.0,2250.285714285714,2355.285714285714,-0.4162812210915856,69.33905654053892,0,0,0,2.875,-31803.0,3.318723007333065,HHS,96.68127699266694
2025-03-11,3.0,11.0,7.0,2116,20.0,2127.0,-13.0,2222.5714285714284,2325.4285714285716,-1.207617278216444,74.91074053596377,0,0,0,2.857142857142857,-31816.0,3.390040359992698,HHS,96.6099596400073
2025-03-12,6.0,18.0,2.0,2113,8.0,2131.0,-6.0,2196.1428571428573,2295.8571428571427,0.1880582980724021,68.84385368719396,0,0,0,4.0,-31822.0,3.187841187476201,HHS,96.8121588125238
2025-03-13,4.0,20.0,9.0,2116,6.0,2136.0,3.0,2173.1428571428573,2274.214285714286,0.2346316283434957,55.04370557872385,0,0,0,0.6666666666666666,-31819.0,9.373574765006536,HHS,90.62642523499346
2025-03-16,1.0,9.0,8.0,2117,5.0,2126.0,3.0,2154.285714285714,2252.1428571428573,-0.4681647940074862,42.25207799938261,0,0,0,0.625,-31816.0,9.686149472712904,HHS,90.3138505272871
2025-03-17,5.0,14.0,0.0,2111,8.0,2125.0,-8.0,2137.1428571428573,2231.0714285714284,-0.0470366886171191,14.622227047800488,0,0,0,0.0,-31824.0,21.16684600017625,HHS,78.83315399982375
2025-03-18,19.0,34.0,6.0,2109,8.0,2143.0,-2.0,2134.4285714285716,2210.4285714285716,0.8470588235294008,10.39001352166098,0,0,0,1.3333333333333333,-31826.0,1.1037116058366558,HHS,98.89628839416336
2025-03-19,6.0,22.0,14.0,2119,9.0,2141.0,5.0,2132.714285714286,2191.5,-0.0933271115258982,7.364651740986835,0,0,0,0.6428571428571429,-31821.0,8.125274003740625,HHS,91.87472599625936
2025-03-20,9.0,20.0,11.0,2124,7.0,2144.0,4.0,2135.1428571428573,2178.8571428571427,0.1401214385801097,7.946247993284101,0,0,0,0.6363636363636364,-31817.0,8.291861041534027,HHS,91.70813895846598
2025-03-23,15.0,29.0,9.0,2136,2.0,2165.0,7.0,2140.0,2168.0714285714284,0.9794776119403048,13.466006585518342,0,0,0,0.2222222222222222,-31810.0,16.884879393176604,HHS,83.1151206068234
2025-03-24,7.0,13.0,11.0,2139,7.0,2152.0,4.0,2142.285714285714,2157.714285714286,-0.6004618937644368,14.020393311148826,0,0,0,0.6363636363636364,-31806.0,8.555802053046351,HHS,91.44419794695364
2025-03-25,12.0,19.0,7.0,2145,6.0,2164.0,1.0,2147.714285714286,2151.0,0.5576208178438735,14.020393311147783,0,0,0,0.8571428571428571,-31805.0,4.2016930472979555,HHS,95.79830695270203
2025-03-26,9.0,21.0,15.0,2159,2.0,2180.0,13.0,2155.5714285714284,2146.3571428571427,0.7393715341959428,14.570027944843526,0,0,0,0.1333333333333333,-31792.0,18.78002560980579,HHS,81.21997439019421
2025-03-27,1.0,19.0,13.0,2159,2.0,2178.0,11.0,2160.5714285714284,2147.5,-0.0917431192660522,15.511900194587032,0,0,0,0.1538461538461538,-31781.0,18.3940956338705,HHS,81.6059043661295
2025-03-30,9.0,20.0,5.0,2188,2.0,2208.0,3.0,2170.1428571428573,2151.4285714285716,1.377410468319562,21.09050790847056,0,0,0,0.4,-31778.0,13.82947545116727,HHS,86.17052454883273
2025-03-31,9.0,25.0,8.0,2193,5.0,2218.0,3.0,2180.714285714286,2157.9285714285716,0.4528985507246341,24.1296103421871,0,0,0,0.625,-31775.0,9.492258166696852,HHS,90.50774183330314
2025-04-01,17.0,36.0,7.0,2191,12.0,2227.0,-5.0,2189.5714285714284,2164.785714285714,0.4057709648331853,28.401039552218723,0,0,0,1.7142857142857142,-31780.0,2.1951516829430684,HHS,97.80484831705694
2025-04-02,5.0,31.0,16.0,2208,3.0,2239.0,13.0,2202.0,2172.1428571428573,0.5388414907947947,28.254793104195898,0,0,0,0.1875,-31767.0,18.50125897482529,HHS,81.49874102517471
2025-04-03,12.0,26.0,18.0,2223,8.0,2249.0,10.0,2214.1428571428573,2180.9285714285716,0.4466279589102173,27.455591850059367,0,0,0,0.4444444444444444,-31757.0,13.384264135671998,HHS,86.615735864328
2025-04-06,7.0,14.0,7.0,2234,11.0,2248.0,-4.0,2223.8571428571427,2189.714285714286,-0.0444642063139211,25.30763107253751,0,0,0,1.5714285714285714,-31761.0,2.189187086647577,HHS,97.81081291335242
2025-04-07,12.0,22.0,9.0,2237,5.0,2259.0,4.0,2235.4285714285716,2198.0,0.4893238434163782,18.428755998343178,0,0,0,0.5555555555555556,-31757.0,10.88193264209282,HHS,89.11806735790718
2025-04-08,12.0,34.0,12.0,2243,9.0,2277.0,3.0,2245.285714285714,2207.714285714286,0.7968127490039834,19.720668394659963,0,0,0,0.75,-31754.0,7.132677767564216,HHS,92.86732223243578
2025-04-09,6.0,19.0,10.0,2251,5.0,2270.0,5.0,2252.714285714286,2216.714285714286,-0.3074220465524857,17.38499626877853,0,0,0,0.5,-31749.0,12.01108399732882,HHS,87.98891600267117
2025-04-10,18.0,25.0,17.0,2265,6.0,2290.0,11.0,2261.714285714286,2225.6428571428573,0.8810572687224738,18.144919268638347,0,0,0,0.3529411764705882,-31738.0,15.082613196289357,HHS,84.91738680371064
2025-04-11,8.0,22.0,8.0,2267,9.0,2289.0,-1.0,2268.8571428571427,2235.4285714285716,-0.0436681222707457,17.54450124217839,0,0,0,1.125,-31739.0,2.114274847911106,HHS,97.8857251520889
2025-04-13,5.0,26.0,10.0,2283,3.0,2309.0,7.0,2277.4285714285716,2245.785714285714,0.8737439930100566,20.614373164848143,0,0,0,0.3,-31732.0,16.329416495622144,HHS,83.67058350437786
2025-04-14,5.0,26.0,9.0,2282,13.0,2308.0,-4.0,2286.0,2254.9285714285716,-0.0433087916847152,18.726095874309973,0,0,0,1.4444444444444444,-31736.0,2.254982492382384,HHS,97.74501750761762
2025-04-15,4.0,19.0,12.0,2286,7.0,2305.0,5.0,2292.5714285714284,2264.0,-0.1299826689774685,15.458084647831638,0,0,0,0.5833333333333334,-31731.0,10.452991446299473,HHS,89.54700855370052
2025-04-16,11.0,30.0,5.0,2291,8.0,2321.0,-3.0,2298.8571428571427,2272.0714285714284,0.694143167028205,16.945290117610046,0,0,0,1.6,-31734.0,2.256214647676695,HHS,97.7437853523233
2025-04-17,7.0,26.0,10.0,2288,14.0,2314.0,-4.0,2305.1428571428573,2278.9285714285716,-0.3015941404566957,11.852265205574618,0,0,0,1.4,-31738.0,2.033409564643416,HHS,97.96659043535658
2025-04-20,4.0,15.0,6.0,2305,4.0,2320.0,2.0,2309.4285714285716,2285.5714285714284,0.2592912705272177,10.84523156258606,0,0,0,0.6666666666666666,-31736.0,8.69384978802397,HHS,91.30615021197605
2025-04-21,10.0,25.0,5.0,2308,6.0,2333.0,-1.0,2315.714285714286,2292.285714285714,0.5603448275862011,9.724784244314344,0,0,0,1.2,-31737.0,2.0526543746756643,HHS,97.94734562532432
2025-04-22,7.0,19.0,14.0,2305,17.0,2324.0,-3.0,2317.8571428571427,2297.6428571428573,-0.385769395627944,9.651054718002738,0,0,0,1.2142857142857142,-31740.0,2.0038415034067465,HHS,97.99615849659324
2025-04-23,3.0,23.0,4.0,2300,11.0,2323.0,-7.0,2320.0,2303.0,-0.0430292598967319,8.717797888630813,0,0,0,2.75,-31747.0,1.9644624540012745,HHS,98.03553754599872
2025-04-24,3.0,9.0,7.0,2294,13.0,2303.0,-6.0,2319.714285714286,2306.1428571428573,-0.860955660783469,9.304376851699736,0,0,0,1.8571428571428572,-31753.0,1.8835343883117,HHS,98.1164656116883
2025-04-27,9.0,40.0,12.0,2301,4.0,2341.0,8.0,2322.5714285714284,2310.714285714286,1.6500217108119886,12.34040981137652,0,0,0,0.3333333333333333,-31745.0,15.522980392098784,HHS,84.47701960790121
2025-04-28,6.0,26.0,12.0,2307,8.0,2333.0,4.0,2325.285714285714,2315.214285714286,-0.3417343015805207,12.229939844431692,0,0,0,0.6666666666666666,-31741.0,8.811275211415905,HHS,91.1887247885841
2025-04-29,11.0,25.0,11.0,2304,15.0,2329.0,-4.0,2326.5714285714284,2318.0,-0.1714530647235368,12.05345238148378,0,0,0,1.3636363636363635,-31745.0,2.1176385976845893,HHS,97.8823614023154
2025-04-30,7.0,34.0,9.0,2309,12.0,2343.0,-3.0,2328.0,2321.8571428571427,0.6011163589523472,13.453624048076222,0,0,0,1.3333333333333333,-31748.0,2.2407545704560836,HHS,97.75924542954392
2025-05-01,13.0,32.0,14.0,2306,16.0,2338.0,-2.0,2330.0,2323.9285714285716,-0.2134016218523271,13.796134725360496,0,0,0,1.1428571428571428,-31750.0,2.2277120035182905,HHS,97.77228799648172
2025-05-04,9.0,31.0,10.0,2335,5.0,2366.0,5.0,2336.1428571428573,2328.0714285714284,1.1976047904191711,18.818683725749548,0,0,0,0.5,-31745.0,12.555512166959993,HHS,87.44448783304
2025-05-05,15.0,44.0,20.0,2331,17.0,2375.0,3.0,2346.4285714285716,2333.0714285714284,0.3803888419273038,17.29987613575896,0,0,0,0.85,-31742.0,5.545869416217218,HHS,94.45413058378278
2025-05-06,10.0,33.0,16.0,2339,16.0,2372.0,0.0,2350.8571428571427,2336.714285714286,-0.1263157894736855,19.5057988942534,0,0,0,1.0,-31742.0,2.611471101673796,HHS,97.3885288983262
2025-05-07,10.0,30.0,15.0,2335,10.0,2365.0,5.0,2355.4285714285716,2340.3571428571427,-0.295109612141653,18.338094620558568,0,0,0,0.6666666666666666,-31737.0,9.19941539280622,HHS,90.80058460719378
2025-05-08,15.0,24.0,16.0,2361,11.0,2385.0,5.0,2363.4285714285716,2345.0,0.8456659619450413,17.057326313909464,0,0,0,0.6875,-31732.0,8.838195897564576,HHS,91.16180410243544
2025-05-11,15.0,20.0,12.0,2385,3.0,2405.0,9.0,2372.285714285714,2350.1428571428573,0.8385744234800763,20.442719044479524,0,0,0,0.25,-31723.0,17.81491904305965,HHS,82.18508095694035
2025-05-12,7.0,33.0,14.0,2392,7.0,2425.0,7.0,2384.714285714286,2357.3571428571427,0.8316008316008316,22.470085935115133,0,0,0,0.5,-31716.0,12.991794530770989,HHS,87.00820546922901
2025-05-13,18.0,29.0,12.0,2394,11.0,2423.0,1.0,2392.8571428571427,2364.5,-0.0824742268041189,24.768451516048408,0,0,0,0.9166666666666666,-31715.0,4.732579037320192,HHS,95.2674209626798
2025-05-14,7.0,30.0,14.0,2394,11.0,2424.0,3.0,2399.8571428571427,2373.1428571428573,0.0412711514651276,25.783900477548645,0,0,0,0.7857142857142857,-31712.0,7.394022647833122,HHS,92.60597735216687
2025-05-15,15.0,31.0,14.0,2410,14.0,2441.0,0.0,2409.714285714286,2380.285714285714,0.7013201320132056,26.537484720007843,0,0,0,1.0,-31712.0,3.2230595677836,HHS,96.7769404322164
2025-05-18,13.0,28.0,14.0,2437,9.0,2465.0,5.0,2424.0,2389.714285714286,0.9832036050798854,25.344295874216208,0,0,0,0.6428571428571429,-31707.0,10.445070374539114,HHS,89.55492962546089
2025-05-19,7.0,27.0,17.0,2457,6.0,2484.0,11.0,2438.1428571428573,2400.785714285714,0.7707910750507141,27.485927135583253,0,0,0,0.3529411764705882,-31696.0,16.419336423897985,HHS,83.58066357610201
2025-05-21,14.0,62.0,13.0,2467,18.0,2529.0,-5.0,2455.8571428571427,2414.0714285714284,1.8115942028985588,39.77615940697584,0,0,0,1.3846153846153846,-31701.0,4.1598176557389035,HHS,95.8401823442611
2025-05-22,18.0,36.0,17.0,2473,15.0,2509.0,2.0,2467.8571428571427,2426.285714285714,-0.7908264136022192,41.546875420049155,0,0,0,0.8823529411764706,-31699.0,6.475295667335429,HHS,93.52470433266456
2025-05-27,6.0,24.0,7.0,2504,11.0,2528.0,-4.0,2482.8571428571427,2437.8571428571427,0.757273814268622,41.60700490505171,0,0,0,1.5714285714285714,-31703.0,4.221897667601716,HHS,95.77810233239828
2025-05-28,12.0,39.0,12.0,2499,14.0,2538.0,-2.0,2499.1428571428573,2449.5,0.3955696202531555,36.75789516782619,0,0,0,1.1666666666666667,-31705.0,4.095135891959072,HHS,95.90486410804093
2025-05-29,13.0,38.0,15.0,2506,11.0,2544.0,4.0,2513.8571428571427,2461.785714285714,0.236406619385332,29.50383348824603,0,0,0,0.7333333333333333,-31701.0,9.19293954890404,HHS,90.80706045109596
2025-06-01,8.0,24.0,16.0,2528,12.0,2552.0,4.0,2526.285714285714,2475.1428571428573,0.3144654088050425,23.128008170412137,0,0,0,0.75,-31697.0,8.666558959690622,HHS,91.33344104030938
2025-06-02,10.0,19.0,5.0,2518,16.0,2537.0,-11.0,2533.8571428571427,2486.0,-0.5877742946708508,13.752921768435534,0,0,0,3.2,-31708.0,3.245593043067404,HHS,96.7544069569326
2025-06-03,5.0,23.0,11.0,2519,15.0,2542.0,-4.0,2535.714285714286,2495.785714285714,0.1970831690973673,13.864995321453826,0,0,0,1.3636363636363635,-31712.0,3.2753215658093193,HHS,96.72467843419068
2025-06-04,4.0,16.0,9.0,2516,16.0,2532.0,-7.0,2539.0,2503.4285714285716,-0.3933910306844979,7.937253934820513,0,0,0,1.7777777777777777,-31719.0,3.0065085511856564,HHS,96.99349144881434
2025-06-05,8.0,26.0,5.0,2503,21.0,2529.0,-16.0,2539.1428571428573,2511.0,-0.1184834123222788,7.712080815319102,0,0,0,4.2,-31735.0,2.982874500618524,HHS,97.01712549938148
2025-06-08,10.0,16.0,15.0,2507,13.0,2523.0,2.0,2537.0,2518.0714285714284,-0.2372479240806635,9.86576572594174,0,0,0,0.8666666666666667,-31733.0,5.697856559327287,HHS,94.30214344067272
2025-06-09,8.0,21.0,14.0,2516,9.0,2537.0,5.0,2536.0,2524.9285714285716,0.5548949663099378,9.380831521024056,0,0,0,0.6428571428571429,-31728.0,10.227968365885644,HHS,89.77203163411436
2025-06-10,17.0,28.0,7.0,2511,12.0,2539.0,-5.0,2534.1428571428573,2530.214285714286,0.0788332676389336,6.542898733388129,0,0,0,1.7142857142857142,-31733.0,2.991188044631691,HHS,97.00881195536832
2025-06-17,7.0,24.0,10.0,2523,14.0,2547.0,-4.0,2535.5714285714284,2534.714285714286,0.3150846790074935,8.162049230731835,0,0,0,1.4,-31737.0,3.091604143206916,HHS,96.90839585679308
2025-06-19,8.0,19.0,7.0,2501,18.0,2520.0,-11.0,2532.4285714285716,2534.0714285714284,-1.0600706713780883,9.413769045653371,0,0,0,2.5714285714285716,-31748.0,2.9992300629345734,HHS,97.00076993706544
2025-06-22,7.0,13.0,5.0,2508,7.0,2521.0,-2.0,2530.8571428571427,2534.9285714285716,0.0396825396825395,10.367072417131572,0,0,0,1.4,-31750.0,3.0393449401433728,HHS,96.96065505985663
2025-06-23,3.0,15.0,5.0,2495,17.0,2510.0,-12.0,2528.1428571428573,2533.6428571428573,-0.4363347877826218,13.06941176317419,0,0,0,3.4,-31762.0,3.0821844721597453,HHS,96.91781552784026
2025-06-24,5.0,20.0,5.0,2489,16.0,2509.0,-11.0,2526.1428571428573,2531.5714285714284,-0.0398406374501947,14.926805546914755,0,0,0,3.2,-31773.0,3.145238964639674,HHS,96.85476103536033
2025-06-25,6.0,12.0,2.0,2470,24.0,2482.0,-22.0,2518.285714285714,2527.1428571428573,-1.0761259465922657,21.351926422004222,0,0,0,5.0,-31795.0,3.242759596265945,HHS,96.75724040373406
2025-06-26,3.0,9.0,7.0,2447,35.0,2456.0,-28.0,2506.4285714285716,2520.285714285714,-1.0475423045930743,29.444055104186276,0,0,0,5.0,-31823.0,3.4065923197776895,HHS,96.59340768022231
2025-06-29,5.0,17.0,7.0,2413,20.0,2430.0,-13.0,2489.714285714286,2512.6428571428573,-1.0586319218241047,35.217014286622096,0,0,0,2.857142857142857,-31836.0,3.4852976737164156,HHS,96.51470232628358
2025-06-30,9.0,22.0,8.0,2407,16.0,2429.0,-8.0,2476.714285714286,2504.5714285714284,-0.0411522633744887,38.78880545463516,0,0,0,2.0,-31844.0,3.611280787731748,HHS,96.38871921226826
2025-07-01,7.0,14.0,6.0,2391,22.0,2405.0,-16.0,2460.1428571428573,2495.5,-0.9880609304240396,41.406233715497166,0,0,0,3.6666666666666665,-31860.0,3.5844052152192893,HHS,96.41559478478072
2025-07-02,8.0,20.0,9.0,2373,38.0,2393.0,-29.0,2443.4285714285716,2485.785714285714,-0.498960498960499,41.540571103985926,0,0,0,4.222222222222222,-31889.0,3.5278607897371583,HHS,96.47213921026284
2025-07-06,4.0,17.0,2.0,2332,8.0,2349.0,-6.0,2420.5714285714284,2473.3571428571427,-1.838696197241951,43.423715267643985,0,0,0,4.0,-31895.0,3.3715735896827033,HHS,96.6284264103173
2025-07-07,3.0,18.0,8.0,2317,20.0,2335.0,-12.0,2399.5714285714284,2458.9285714285716,-0.5959982971477262,44.3014564957578,0,0,0,2.5,-31907.0,3.3320706227152357,HHS,96.66792937728476
2025-07-08,5.0,16.0,8.0,2306,20.0,2322.0,-12.0,2380.4285714285716,2443.4285714285716,-0.5567451820128522,44.80274226330669,0,0,0,2.5,-31919.0,3.283872443159032,HHS,96.71612755684096
2025-07-09,2.0,18.0,0.0,2281,32.0,2299.0,-32.0,2361.714285714286,2425.714285714286,-0.9905254091300608,47.89820555370297,0,0,0,0.0,-31951.0,23.279666561638734,HHS,76.72033343836127
2025-07-10,2.0,12.0,3.0,2252,39.0,2264.0,-36.0,2338.1428571428573,2407.4285714285716,-1.5224010439321425,49.827798705505394,0,0,0,5.0,-31987.0,3.171190874196589,HHS,96.82880912580342
2025-07-13,1.0,13.0,4.0,2204,10.0,2217.0,-6.0,2311.285714285714,2385.714285714286,-2.075971731448767,57.812092984644046,0,0,0,2.5,-31993.0,3.2234834639698575,HHS,96.77651653603014
2025-07-14,2.0,9.0,1.0,2181,26.0,2190.0,-25.0,2282.285714285714,2362.8571428571427,-1.2178619756427644,60.82684244584789,0,0,0,5.0,-32018.0,3.195823099656475,HHS,96.80417690034352
2025-07-15,0.0,8.0,5.0,2171,17.0,2179.0,-12.0,2258.0,2339.285714285714,-0.5022831050228271,63.62389488256291,0,0,0,3.4,-32030.0,3.2421391676802225,HHS,96.75786083231978
2025-07-16,1.0,9.0,0.0,2164,11.0,2173.0,-11.0,2234.8571428571427,2317.214285714286,-0.275355667737498,60.32530859573328,0,0,0,0.0,-32041.0,23.090323648510942,HHS,76.90967635148905
2025-07-17,3.0,16.0,2.0,2153,17.0,2169.0,-15.0,2213.0,2296.714285714286,-0.1840773124712424,50.388490749652114,0,0,0,5.0,-32056.0,2.7050912925233326,HHS,97.29490870747668
2025-07-21,4.0,18.0,7.0,2121,16.0,2139.0,-9.0,2190.1428571428573,2275.9285714285716,-1.3831258644536604,40.11827751167997,0,0,0,2.2857142857142856,-32065.0,2.174424613469602,HHS,97.8255753865304
2025-07-22,5.0,13.0,3.0,2117,16.0,2130.0,-13.0,2171.0,2254.5714285714284,-0.4207573632538541,29.591665493763752,0,0,0,5.0,-32078.0,1.741928535318423,HHS,98.25807146468158
2025-07-23,6.0,21.0,5.0,2111,14.0,2132.0,-9.0,2158.8571428571427,2235.0714285714284,0.0938967136150159,24.586097504574298,0,0,0,2.8,-32087.0,1.5684402009800904,HHS,98.43155979901992
2025-07-24,6.0,18.0,7.0,2096,29.0,2114.0,-22.0,2148.0,2215.1428571428573,-0.8442776735459678,25.311394009319105,0,0,0,4.142857142857143,-32109.0,1.502849799061862,HHS,98.49715020093814
2025-07-27,1.0,12.0,2.0,2088,4.0,2100.0,-2.0,2136.714285714286,2197.3571428571427,-0.6622516556291425,26.75639665450442,0,0,0,2.0,-32111.0,1.484168713505324,HHS,98.51583128649467
2025-07-28,2.0,9.0,3.0,2080,14.0,2089.0,-11.0,2124.714285714286,2179.785714285714,-0.5238095238095264,26.60647969824772,0,0,0,4.666666666666667,-32122.0,1.4223134069644574,HHS,98.57768659303554
2025-07-29,2.0,8.0,3.0,2072,12.0,2080.0,-9.0,2112.0,2162.5,-0.4308281474389663,22.927421719313948,0,0,0,4.0,-32131.0,1.241163452247318,HHS,98.75883654775268
2025-07-30,4.0,15.0,4.0,2063,16.0,2078.0,-12.0,2103.285714285714,2146.714285714286,-0.0961538461538458,22.544136605041256,0,0,0,4.0,-32143.0,1.2168486981251796,HHS,98.78315130187482
2025-07-31,2.0,9.0,6.0,2058,15.0,2067.0,-9.0,2094.285714285714,2132.6428571428573,-0.5293551491819093,22.676818455568853,0,0,0,2.5,-32152.0,1.1653664553334924,HHS,98.8346335446665
2025-08-03,5.0,26.0,3.0,2049,5.0,2075.0,-2.0,2086.1428571428573,2122.5,0.3870343492984984,16.180529158167708,0,0,0,1.6666666666666667,-32154.0,0.9678974520520306,HHS,99.03210254794796
2025-08-04,5.0,22.0,11.0,2040,14.0,2062.0,-3.0,2078.714285714286,2113.3571428571427,-0.6265060240963849,12.854497083392264,0,0,0,1.2727272727272727,-32157.0,0.779213852834778,HHS,99.22078614716524
2025-08-05,2.0,21.0,10.0,2042,14.0,2063.0,-4.0,2073.4285714285716,2105.0714285714284,0.0484966052376245,9.913915185969682,0,0,0,1.4,-32161.0,0.6763998883194505,HHS,99.32360011168056
2025-08-06,4.0,17.0,3.0,2036,13.0,2053.0,-10.0,2068.285714285714,2096.5,-0.4847309743092554,9.827076299711594,0,0,0,4.333333333333333,-32171.0,0.6219828744382168,HHS,99.37801712556178
2025-08-07,4.0,18.0,6.0,2031,17.0,2049.0,-11.0,2063.8571428571427,2087.9285714285716,-0.1948368241597609,10.621182789053316,0,0,0,2.8333333333333335,-32182.0,0.6306395213292666,HHS,99.36936047867071
2025-08-10,0.0,18.0,8.0,2006,12.0,2024.0,-4.0,2056.1428571428573,2079.714285714286,-1.2201073694485087,16.57737988460615,0,0,0,1.5,-32186.0,0.7211937517051783,HHS,99.27880624829484
2025-08-11,6.0,23.0,4.0,1999,16.0,2022.0,-12.0,2049.714285714286,2072.0,-0.0988142292490112,20.03092846742669,0,0,0,4.0,-32198.0,0.837713705938081,HHS,99.16228629406191
2025-08-12,8.0,38.0,9.0,1999,9.0,2037.0,0.0,2044.2857142857144,2065.214285714286,0.7418397626112849,16.948100048890634,0,0,0,1.0,-32198.0,0.8013997561474754,HHS,99.19860024385252
2025-08-13,6.0,22.0,12.0,1997,17.0,2019.0,-5.0,2038.142857142857,2058.4285714285716,-0.8836524300441795,17.2474980940816,0,0,0,1.4166666666666667,-32203.0,0.7201763375088276,HHS,99.27982366249115
2025-08-14,3.0,27.0,4.0,1994,11.0,2021.0,-7.0,2032.142857142857,2052.785714285714,0.0990589400693409,14.194230888124665,0,0,0,2.75,-32210.0,0.6183491000890744,HHS,99.38165089991092
2025-08-17,4.0,14.0,2.0,1991,3.0,2005.0,-1.0,2025.2857142857144,2046.7857142857144,-0.7916872835230127,14.032275721849764,0,0,0,1.5,-32211.0,0.5304371652559499,HHS,99.46956283474404
2025-08-18,4.0,20.0,6.0,1985,14.0,2005.0,-8.0,2019.0,2041.428571428571,0.0,11.210114481840224,0,0,0,2.3333333333333335,-32219.0,0.4268469951975609,HHS,99.57315300480244
2025-08-19,5.0,35.0,3.0,1980,11.0,2015.0,-8.0,2017.7142857142856,2036.928571428571,0.4987531172069737,11.056133830024011,0,0,0,3.6666666666666665,-32227.0,0.4724244939763852,HHS,99.5275755060236
2025-08-20,10.0,38.0,10.0,1983,10.0,2021.0,0.0,2017.571428571429,2033.642857142857,0.2977667493796465,10.99783528616828,0,0,0,1.0,-32227.0,0.5010222942048617,HHS,99.49897770579514
2025-08-21,6.0,49.0,8.0,1972,21.0,2021.0,-13.0,2015.2857142857144,2029.7857142857144,0.0,7.341986239028599,0,0,0,2.625,-32240.0,0.3668308032538632,HHS,99.63316919674614
2025-08-24,4.0,21.0,5.0,1981,5.0,2002.0,0.0,2012.857142857143,2025.5,-0.9401286491835692,8.610624667943588,0,0,0,1.0,-32240.0,0.3160613437020417,HHS,99.68393865629795
2025-08-25,8.0,30.0,8.0,1980,11.0,2010.0,-3.0,2011.2857142857144,2021.7142857142856,0.3996003996004083,7.846746370361516,0,0,0,1.375,-32243.0,0.3290060552350565,HHS,99.67099394476494
2025-08-26,10.0,21.0,20.0,1989,15.0,2010.0,5.0,2012.0,2018.642857142857,0.0,7.393691006257599,0,0,0,0.75,-32238.0,5.3123762179500575,HHS,94.68762378204994
2025-08-27,5.0,19.0,9.0,1988,19.0,2007.0,-10.0,2012.2857142857144,2015.642857142857,-0.1492537313432795,7.1113591247225285,0,0,0,2.111111111111111,-32248.0,0.2866440994924549,HHS,99.71335590050757
2025-08-28,8.0,33.0,6.0,1984,17.0,2017.0,-11.0,2012.571428571429,2015.142857142857,0.4982561036372734,7.276838666737423,0,0,0,2.8333333333333335,-32259.0,0.343947695043035,HHS,99.65605230495696
2025-09-01,10.0,29.0,17.0,2010,5.0,2039.0,12.0,2015.142857142857,2016.357142857143,1.0907288051561714,12.239670087010166,0,0,0,0.2941176470588235,-32247.0,14.756465220596136,HHS,85.24353477940386
2025-09-02,6.0,35.0,9.0,2020,9.0,2055.0,0.0,2020.0,2017.642857142857,0.7846983815595898,19.52775802191927,0,0,0,1.0,-32247.0,0.9883017229522756,HHS,99.01169827704771
2025-09-03,4.0,29.0,11.0,2019,10.0,2048.0,1.0,2026.571428571429,2019.7142857142856,-0.3406326034063212,20.18957769861241,0,0,0,0.9090909090909092,-32246.0,2.7949156195905593,HHS,97.20508438040945
2025-09-04,11.0,40.0,2.0,2015,14.0,2055.0,-12.0,2033.0,2022.142857142857,0.341796875,21.173883284899663,0,0,0,5.0,-32258.0,1.0487243499489434,HHS,98.95127565005106
2025-09-07,4.0,19.0,9.0,2026,7.0,2045.0,2.0,2038.0,2025.0,-0.4866180048661794,18.84144368219135,0,0,0,0.7777777777777778,-32256.0,5.356324824602458,HHS,94.64367517539756
2025-09-08,7.0,25.0,5.0,2025,6.0,2050.0,-1.0,2044.142857142857,2028.2142857142856,0.2444987775061191,13.221555273063483,0,0,0,1.2,-32257.0,0.7312116704494782,HHS,99.26878832955052
2025-09-09,18.0,42.0,11.0,2023,14.0,2065.0,-3.0,2051.0,2031.7857142857144,0.7317073170731714,8.346656018776214,0,0,0,1.2727272727272727,-32260.0,0.6291180196267941,HHS,99.3708819803732
2025-09-10,10.0,47.0,14.0,2025,18.0,2072.0,-4.0,2055.714285714286,2035.428571428571,0.3389830508474523,9.655987534538948,0,0,0,1.2857142857142858,-32264.0,0.7130389606727193,HHS,99.28696103932728
2025-09-11,12.0,38.0,29.0,2047,6.0,2085.0,23.0,2060.0,2040.0,0.6274131274131234,14.651507318215252,0,0,0,0.2068965517241379,-32241.0,16.825071693678126,HHS,83.17492830632187
2025-09-14,7.0,39.0,13.0,2083,5.0,2122.0,8.0,2070.5714285714284,2048.5714285714284,1.7745803357314127,26.475505301719235,0,0,0,0.3846153846153846,-32233.0,13.894255549239066,HHS,86.10574445076094
2025-09-15,9.0,47.0,10.0,2086,10.0,2133.0,0.0,2081.714285714286,2057.3571428571427,0.5183788878416529,34.135584003602574,0,0,0,1.0,-32233.0,1.924086331120758,HHS,98.07591366887924
2025-09-16,7.0,28.0,17.0,2095,12.0,2123.0,5.0,2092.8571428571427,2065.4285714285716,-0.4688232536333769,32.86045532000983,0,0,0,0.7058823529411765,-32228.0,7.708404926975311,HHS,92.2915950730247
2025-09-17,7.0,38.0,5.0,2096,13.0,2134.0,-8.0,2104.8571428571427,2074.5,0.5181347150259086,29.79613269936682,0,0,0,2.6,-32236.0,1.769925506019689,HHS,98.23007449398033
2025-09-18,20.0,52.0,11.0,2096,14.0,2148.0,-3.0,2116.714285714286,2083.8571428571427,0.6560449859418949,27.73514188293909,0,0,0,1.2727272727272727,-32239.0,1.7659961473151675,HHS,98.23400385268484
2025-09-21,8.0,35.0,13.0,2134,5.0,2169.0,8.0,2130.5714285714284,2093.1428571428573,0.9776536312849248,25.838325171102035,0,0,0,0.3846153846153846,-32231.0,14.111645922045623,HHS,85.88835407795438
2025-09-22,17.0,40.0,14.0,2141,10.0,2181.0,4.0,2144.285714285714,2102.1428571428573,0.5532503457814641,22.9326134998436,0,0,0,0.7142857142857143,-32227.0,7.473057768668045,HHS,92.52694223133196
2025-09-23,11.0,36.0,10.0,2145,15.0,2181.0,-5.0,2152.714285714286,2111.6428571428573,0.0,24.184804360034388,0,0,0,1.5,-32232.0,1.8047349364153535,HHS,98.19526506358464
2025-09-24,3.0,38.0,12.0,2138,17.0,2176.0,-5.0,2158.8571428571427,2120.285714285714,-0.2292526364053193,23.800760292572836,0,0,0,1.4166666666666667,-32237.0,1.765023471720076,HHS,98.23497652827992
2025-09-25,6.0,35.0,12.0,2132,18.0,2167.0,-6.0,2165.1428571428573,2129.0,-0.4136029411764719,17.808505191933442,0,0,0,1.5,-32243.0,1.4989653693680944,HHS,98.5010346306319
2025-09-28,11.0,29.0,12.0,2146,9.0,2175.0,3.0,2171.0,2137.9285714285716,0.369173973234882,11.474609653268342,0,0,0,0.75,-32240.0,6.307457186767393,HHS,93.6925428132326
2025-09-29,8.0,35.0,12.0,2148,13.0,2183.0,-1.0,2176.0,2146.3571428571427,0.3678160919540207,6.191391875943828,0,0,0,1.0833333333333333,-32241.0,1.1545151521354262,HHS,98.84548484786455
2025-09-30,8.0,32.0,12.0,2159,7.0,2191.0,5.0,2179.1428571428573,2154.8571428571427,0.3664681630783262,7.492853740131288,0,0,0,0.5833333333333334,-32236.0,9.576603514127878,HHS,90.42339648587212
2025-10-01,4.0,33.0,12.0,2163,14.0,2196.0,-2.0,2181.285714285714,2162.785714285714,0.2282062984938493,9.877825094602198,0,0,0,1.1666666666666667,-32238.0,1.3564276254704255,HHS,98.64357237452955
2025-10-02,20.0,51.0,15.0,2164,16.0,2215.0,-1.0,2186.1428571428573,2169.4285714285716,0.8652094717668479,16.108264664583597,0,0,0,1.0666666666666669,-32239.0,1.6824580283637314,HHS,98.31754197163627
2025-10-05,8.0,28.0,13.0,2180,16.0,2208.0,-3.0,2190.714285714286,2174.785714285714,-0.3160270880361193,17.250258798043326,0,0,0,1.2307692307692308,-32242.0,1.688515376747714,HHS,98.31148462325228
2025-10-06,5.0,33.0,15.0,2187,10.0,2220.0,5.0,2198.285714285714,2181.714285714286,0.5434782608695565,16.730354507084993,0,0,0,0.6666666666666666,-32237.0,8.397573861161183,HHS,91.60242613883882
2025-10-07,11.0,45.0,4.0,2189,10.0,2234.0,-6.0,2206.714285714286,2188.8571428571427,0.6306306306306242,17.867235244043936,0,0,0,2.5,-32243.0,1.8443588179053487,HHS,98.15564118209466
2025-10-08,8.0,49.0,15.0,2192,17.0,2241.0,-2.0,2215.0,2195.5,0.3133393017009878,18.47520861482165,0,0,0,1.1333333333333333,-32245.0,1.9025357268666332,HHS,98.09746427313335
2025-10-09,11.0,55.0,13.0,2192,12.0,2247.0,1.0,2223.0,2201.0714285714284,0.2677376171352108,18.47520861482006,0,0,0,0.9230769230769232,-32244.0,3.4717349702461417,HHS,96.52826502975384
2025-10-13,8.0,24.0,7.0,2223,6.0,2247.0,1.0,2230.285714285714,2205.785714285714,0.0,15.934389286461425,0,0,0,0.8571428571428571,-32243.0,4.6971530470613025,HHS,95.3028469529387
2025-10-14,7.0,30.0,16.0,2235,8.0,2265.0,8.0,2237.4285714285716,2211.785714285714,0.8010680907877266,18.875532159740423,0,0,0,0.5,-32235.0,12.040180811171334,HHS,87.95981918882866
2025-10-15,8.0,29.0,10.0,2225,15.0,2254.0,-5.0,2244.0,2217.3571428571427,-0.4856512141280356,14.399074045262909,0,0,0,1.5,-32240.0,1.8195156081614752,HHS,98.18048439183852
2025-10-16,9.0,33.0,15.0,2233,9.0,2266.0,6.0,2250.5714285714284,2224.4285714285716,0.5323868677906018,11.900380147147834,0,0,0,0.6,-32234.0,9.789274030973532,HHS,90.21072596902648
2025-10-19,9.0,34.0,17.0,2237,7.0,2271.0,10.0,2255.8571428571427,2231.285714285714,0.2206531332744843,11.524301446815343,0,0,0,0.4117647058823529,-32224.0,13.565790333366778,HHS,86.43420966663322
2025-10-20,10.0,39.0,6.0,2243,7.0,2282.0,-1.0,2261.714285714286,2238.3571428571427,0.484368119771017,13.034752085569911,0,0,0,1.1666666666666667,-32225.0,1.9128794681361032,HHS,98.0871205318639
2025-10-21,13.0,39.0,17.0,2251,9.0,2290.0,8.0,2267.8571428571427,2245.4285714285716,0.3505696757230447,14.937966969113528,0,0,0,0.5294117647058824,-32217.0,11.435487131859128,HHS,88.56451286814087
2025-10-22,12.0,42.0,13.0,2261,12.0,2303.0,1.0,2275.8571428571427,2253.0714285714284,0.5676855895196509,16.787183320526015,0,0,0,0.9230769230769232,-32216.0,3.6966596077956257,HHS,96.30334039220438
2025-10-23,4.0,27.0,26.0,2266,18.0,2293.0,8.0,2279.8571428571427,2258.6428571428573,-0.4342162396873683,17.101935285329247,0,0,0,0.6923076923076923,-32208.0,8.272367991634747,HHS,91.72763200836523
2025-10-26,4.0,35.0,12.0,2276,10.0,2311.0,2.0,2288.0,2266.0,0.7849978194504947,16.28905563133366,0,0,0,0.8333333333333334,-32206.0,5.5142307484594335,HHS,94.48576925154056
2025-10-27,2.0,31.0,8.0,2282,11.0,2313.0,-3.0,2294.714285714286,2272.6428571428573,0.0865426222414589,15.370038883015315,0,0,0,1.375,-32209.0,2.1574099141890257,HHS,97.84259008581095
2025-10-28,6.0,22.0,11.0,2286,6.0,2308.0,5.0,2300.0,2277.9285714285716,-0.2161694768698652,11.80395414090582,0,0,0,0.5454545454545454,-32204.0,11.091807646071368,HHS,88.90819235392863
2025-10-29,6.0,25.0,4.0,2280,17.0,2305.0,-13.0,2303.285714285714,2282.5,-0.1299826689774685,8.769536015777309,0,0,0,4.25,-32217.0,1.874148437467949,HHS,98.12585156253203
2025-10-30,3.0,17.0,14.0,2287,12.0,2304.0,2.0,2305.285714285714,2286.5714285714284,-0.0433839479392572,6.550172664289299,0,0,0,0.8571428571428571,-32215.0,4.64470445585211,HHS,95.35529554414788
2025-11-02,5.0,21.0,10.0,2277,7.0,2298.0,3.0,2304.5714285714284,2290.214285714286,-0.2604166666666629,7.09124208534439,0,0,0,0.7,-32212.0,7.7766843725427135,HHS,92.22331562745728
2025-11-03,3.0,28.0,5.0,2269,12.0,2297.0,-7.0,2305.1428571428573,2292.5,-0.0435161009573525,6.094494004435419,0,0,0,2.4,-32219.0,1.7349748150675035,HHS,98.2650251849325
2025-11-04,6.0,33.0,6.0,2270,8.0,2303.0,-2.0,2304.0,2296.0,0.2612102742707956,5.5377492444057745,0,0,0,1.3333333333333333,-32221.0,1.7452766626883105,HHS,98.25472333731167
2025-11-05,8.0,41.0,8.0,2272,7.0,2313.0,1.0,2304.0,2299.3571428571427,0.4342162396873572,5.5377492444057745,0,0,0,0.875,-32220.0,4.296506170885027,HHS,95.70349382911498
2025-11-06,6.0,33.0,9.0,2264,19.0,2297.0,-10.0,2302.4285714285716,2301.214285714286,-0.6917423259835687,5.769377289879409,0,0,0,2.111111111111111,-32230.0,1.7230410902072015,HHS,98.2769589097928
2025-11-09,11.0,33.0,5.0,2294,4.0,2327.0,1.0,2305.5714285714284,2304.4285714285716,1.3060513713539337,11.012979356784149,0,0,0,0.8,-32229.0,6.069201122848869,HHS,93.93079887715112
2025-11-11,11.0,39.0,12.0,2294,14.0,2333.0,-2.0,2309.714285714286,2307.5,0.2578427159432683,15.041213224514417,0,0,0,1.1666666666666667,-32231.0,2.247799065331401,HHS,97.7522009346686
2025-11-12,14.0,48.0,20.0,2302,7.0,2350.0,13.0,2317.1428571428573,2310.8571428571427,0.7286755250750065,20.235518043859365,0,0,0,0.35,-32218.0,15.525551233953133,HHS,84.47444876604686
2025-11-13,6.0,26.0,16.0,2317,5.0,2343.0,11.0,2323.714285714286,2314.4285714285716,-0.2978723404255312,20.072487686679324,0,0,0,0.3125,-32207.0,16.233706390570326,HHS,83.76629360942968
2025-11-16,5.0,22.0,3.0,2340,5.0,2362.0,-2.0,2332.1428571428573,2318.0714285714284,0.8109261630388387,22.19931358931199,0,0,0,1.6666666666666667,-32209.0,2.6591096671222787,HHS,97.34089033287772
2025-11-17,1.0,35.0,6.0,2343,8.0,2378.0,-2.0,2341.4285714285716,2322.714285714286,0.6773920406435208,26.10783498580631,0,0,0,1.3333333333333333,-32211.0,2.884542955243543,HHS,97.11545704475644
2025-11-18,2.0,38.0,8.0,2345,12.0,2383.0,-4.0,2353.714285714286,2328.0714285714284,0.2102607232968845,21.553919100674378,0,0,0,1.5,-32215.0,2.743001802625947,HHS,97.25699819737406
2025-11-19,7.0,32.0,3.0,2340,10.0,2372.0,-7.0,2360.1428571428573,2332.8571428571427,-0.4616030214015909,18.792095603466265,0,0,0,3.3333333333333335,-32222.0,2.5852739290191176,HHS,97.41472607098088
2025-11-20,18.0,57.0,8.0,2340,9.0,2397.0,-1.0,2369.285714285714,2339.5,1.0539629005059004,18.95357737381033,0,0,0,1.125,-32223.0,2.7192750447717384,HHS,97.28072495522828
2025-11-23,3.0,46.0,22.0,2375,1.0,2421.0,21.0,2379.4285714285716,2348.285714285714,1.001251564455563,24.95901402257836,0,0,0,0.0454545454545454,-32202.0,22.15357034185789,HHS,77.84642965814211
2025-11-24,9.0,40.0,9.0,2371,13.0,2411.0,-4.0,2389.1428571428573,2356.4285714285716,-0.4130524576621219,21.396483912932315,0,0,0,1.4444444444444444,-32206.0,2.8806656140616034,HHS,97.1193343859384
2025-11-25,6.0,47.0,14.0,2375,11.0,2422.0,3.0,2397.714285714286,2364.9285714285716,0.4562422231439322,20.71806205379532,0,0,0,0.7857142857142857,-32203.0,7.197830225362406,HHS,92.8021697746376
2025-11-27,4.0,24.0,8.0,2389,7.0,2413.0,1.0,2402.714285714286,2372.0714285714284,-0.3715937241948852,19.345234432926784,0,0,0,0.875,-32202.0,5.315618410738157,HHS,94.68438158926185
2025-11-30,4.0,18.0,10.0,2415,0.0,2433.0,10.0,2409.8571428571427,2381.785714285714,0.8288437629506928,20.07011519240233,0,0,0,0.0,-32192.0,22.94468487963344,HHS,77.05531512036656
2025-12-01,4.0,26.0,4.0,2410,9.0,2436.0,-5.0,2419.0,2389.5714285714284,0.1233045622688111,13.428824719984656,0,0,0,2.25,-32197.0,2.71627871325527,HHS,97.28372128674474
2025-12-02,7.0,34.0,6.0,2407,8.0,2441.0,-2.0,2425.285714285714,2397.285714285714,0.2052545155993401,11.586116487624592,0,0,0,1.3333333333333333,-32199.0,2.674255071484536,HHS,97.32574492851546
2025-12-03,4.0,32.0,8.0,2419,7.0,2451.0,1.0,2429.5714285714284,2404.5,0.4096681687832948,14.83079165045062,0,0,0,0.875,-32198.0,5.344583533751022,HHS,94.65541646624898
2025-12-04,16.0,39.0,7.0,2418,13.0,2457.0,-6.0,2436.1428571428573,2412.6428571428573,0.244798041615657,15.410262505968456,0,0,0,1.8571428571428572,-32204.0,2.8965912793796837,HHS,97.10340872062032
2025-12-07,4.0,24.0,13.0,2429,12.0,2453.0,1.0,2440.5714285714284,2419.1428571428573,-0.1628001628001585,15.120153691206102,0,0,0,0.9230769230769232,-32203.0,4.40391228867451,HHS,95.5960877113255
2025-12-08,9.0,27.0,9.0,2440,4.0,2467.0,5.0,2448.285714285714,2425.5,0.570729718711771,12.202653888862391,0,0,0,0.4444444444444444,-32198.0,13.941193508188729,HHS,86.05880649181127
2025-12-09,4.0,30.0,7.0,2443,8.0,2473.0,-1.0,2454.0,2431.9285714285716,0.2432103769760774,13.178264934855587,0,0,0,1.1428571428571428,-32199.0,2.8966308532498655,HHS,97.10336914675014
2025-12-10,10.0,54.0,5.0,2439,9.0,2493.0,-4.0,2462.1428571428573,2440.5714285714284,0.8087343307723316,17.199114042184164,0,0,0,1.8,-32203.0,3.1466790424029236,HHS,96.85332095759708
2025-12-11,7.0,47.0,9.0,2437,10.0,2484.0,-1.0,2468.285714285714,2446.785714285714,-0.3610108303249149,16.028248872888696,0,0,0,1.1111111111111112,-32204.0,3.057594741485488,HHS,96.94240525851453
2025-12-14,8.0,35.0,4.0,2462,8.0,2497.0,-4.0,2474.8571428571427,2452.214285714286,0.523349436392917,17.1505934932093,0,0,0,2.0,-32208.0,3.1653898517935306,HHS,96.83461014820648
2025-12-15,11.0,42.0,9.0,2470,7.0,2512.0,2.0,2482.714285714286,2459.4285714285716,0.6007208650380402,19.972600279662466,0,0,0,0.7777777777777778,-32206.0,7.790263059223598,HHS,92.2097369407764
2025-12-16,8.0,54.0,15.0,2468,9.0,2522.0,6.0,2492.5714285714284,2466.5714285714284,0.398089171974525,19.890174650952854,0,0,0,0.6,-32200.0,11.394022610197172,HHS,88.60597738980283
2025-12-17,7.0,31.0,11.0,2481,10.0,2512.0,1.0,2499.0,2473.6428571428573,-0.3965107057890549,17.358955422480392,0,0,0,0.9090909090909092,-32199.0,5.068064059308981,HHS,94.93193594069102
2025-12-18,11.0,50.0,6.0,2472,16.0,2522.0,-10.0,2506.0,2480.0,0.398089171974525,14.821156051164133,0,0,0,2.6666666666666665,-32209.0,3.2079593579148615,HHS,96.79204064208514
2025-12-21,6.0,18.0,11.0,2484,14.0,2502.0,-3.0,2507.285714285714,2484.714285714286,-0.7930214115781098,13.864995321469854,0,0,0,1.2727272727272727,-32212.0,3.0704035330230433,HHS,96.92959646697696
